,0,1
0,导游,1584
1,讲解,1492
2,非常,1181
3,布达拉宫,1023
4,不错,482
5,西藏,341
6,服务,313
7,详细,307
8,我们,304
9,专业,302
10,值得,296
11,王导,284
12,拉萨,276
13,好好,261
14,地方,248
15,耐心,239
16,特别,229
17,可以,227
18,参观,205
19,细致,193
20,热情,187
21,没有,179
22,一个,175
23,历史,166
24,预约,166
25,还是,158
26,时间,156
27,一次,153
28,到位,152
29,提前,151
30,体验,150
31,布宫,148
32,震撼,145
33,满意,144
34,推荐,144
35,建筑,143
36,一定,141
37,很多,140
38,宫殿,139
39,就是,139
40,门票,131
41,自己,125
42,很棒,114
43,了解,114
44,真的,110
45,景色,107
46,里面,104
47,这个,103
48,文化,100
49,负责,99
50,大家,97
51,比较,94
52,仔细,93
53,需要,90
54,好评,89
55,壮观,88
56,神圣,86
57,大昭寺,85
58,行程,85
59,细心,84
60,景点,84
61,全程,84
62,知识,84
63,游客,83
64,这里,83
65,感觉,81
66,世界,79
67,宏伟,79
68,认真,78
69,性价比,78
70,高原,77
71,陈导,76
72,安排,75
73,一去,75
74,下次,74
75,感受,74
76,拍照,73
77,广场,72
78,必须,71
79,但是,71
80,如果,68
81,排队,68
82,超级,68
83,解说,67
84,服务态度,66
85,圣地,65
86,方便,64
87,因为,64
88,旅游,63
89,游览,62
90,照顾,61
91,认真负责,61
92,态度,61
93,清楚,60
94,感谢,60
95,海拔,59
96,而且,59
97,打卡,58
98,丰富,57
99,点赞,57
100,雄伟,57
101,一座,57
102,信仰,57
103,藏族,56
104,介绍,55
105,一天,54
106,旅行,54
107,清晰,54
108,时候,52
109,携程,52
110,喜欢,51
111,游玩,50
112,不能,50
113,联系,49
114,藏传佛教,48
115,一生,48
116,小时,47
117,神秘,47
118,讲得,47
119,一路,47
120,xa0,47
121,建议,46
122,看看,46
123,虽然,45
124,不虚此行,45
125,最高,45
126,不要,45
127,拉萨市,45
128,同程,45
129,山上,44
130,进入,44
131,谢谢,44
132,看到,44
133,朋友,43
134,优秀,43
135,趣味,43
136,网上,43
137,旺季,43
138,松赞干布,43
139,不过,42
140,进去,42
141,200,42
142,一样,41
143,整个,41
144,愉快,41
145,那么,41
146,必去,41
147,10,41
148,小谭,41
149,这次,40
150,文成公主,40
151,开心,40
152,所以,40
153,敬业,39
154,高反,39
155,觉得,39
156,一下,39
157,电话,39
158,什么,38
159,只能,38
160,每个,38
161,耳机,37
162,棒棒,37
163,导游小姐,37
164,白宫,37
165,位于,37
166,价格,37
167,贴心,36
168,周到,36
169,向往,36
170,订票,36
171,全面,36
172,不用,36
173,建筑群,36
174,合理,35
175,内容,35
176,有点,35
177,热心,35
178,的话,35
179,终于,35
180,其他,35
181,一直,34
182,今天,34
183,不是,34
184,服务周到,34
185,一般,33
186,来到,33
187,只有,33
188,知道,33
189,个人,33
190,精彩,33
191,30,32
192,漂亮,32
193,雪域,32
194,中心,32
195,美丽,32
196,心灵,32
197,风景,32
198,还有,32
199,玛布,32
200,心中,31
201,超赞,31
202,有趣,31
203,黄金,31
204,之一,31
205,问题,31
206,去过,31
207,西北,31
208,总体,30
209,希望,30
210,当地,30
211,非常感谢,30
212,部分,30
213,平台,30
214,现在,30
215,淡季,29
216,其实,29
217,还会,29
218,买票,29
219,一些,29
220,反应,29
221,雄伟壮观,29
222,十分,29
223,红宫,29
224,声音,28
225,好玩,28
226,值得一看,28
227,记得,28
228,不到,28
229,憨导,28
230,过程,27
231,虔诚,27
232,一点,27
233,晚上,27
234,第二天,27
235,宗教,27
236,宫堡式,27
237,迎娶,27
238,辛苦,26
239,外观,26
240,选择,26
241,景区,26
242,以后,26
243,生动,25
244,门口,25
245,成为,25
246,最后,25
247,第一次,25
248,文化遗产,25
249,由于,25
250,通知,25
251,开放,25
252,客服,25
253,50,25
254,出行,24
255,真是,24
256,幽默,24
257,杨导,24
258,人民,24
259,中国,24
260,20,24
261,拍摄,24
262,孩子,24
263,购票,24
264,神奇,23
265,人生,23
266,免费,23
267,世纪,23
268,取票,23
269,跟着,22
270,他们,22
271,完全,22
272,好看,22
273,强烈推荐,22
274,团队,22
275,珍宝馆,22
276,还要,22
277,已经,22
278,遗憾,22
279,温柔,22
280,五星,22
281,讲解员,22
282,13,22
283,李导,22
284,吐蕃,22
285,这座,21
286,风趣,21
287,内部,21
288,确实,21
289,王朝,21
290,药王山,21
291,冬天,21
292,实在,21
293,左右,21
294,最好,21
295,购买,21
296,开始,21
297,倒影,21
298,安检,21
299,风格,21
300,超棒,21
301,首府,21
302,不会,20
303,退款,20
304,故事,20
305,允许,20
306,机会,20
307,东西,20
308,朝拜,20
309,一起,20
310,历代,20
311,你们,20
312,顺利,20
313,赞普,20
314,兴建,20
315,只是,19
316,耳麦,19
317,遇到,19
318,现场,19
319,很赞,19
320,庄严,19
321,藏民,19
322,一种,19
323,象征,19
324,才能,19
325,集合,19
326,到达,19
327,结果,19
328,观景台,19
329,下午,19
330,告知,19
331,参导,19
332,失望,19
333,主体,19
334,老人,19
335,热情周到,19
336,用心,19
337,中国西藏自治区,19
338,公主,19
339,达赖喇嘛,19
340,或者,19
341,小姐姐,18
342,令人,18
343,实际,18
344,邵导,18
345,天空,18
346,文物,18
347,通过,18
348,屹立,18
349,仿佛,18
350,出来,18
351,夜景,18
352,重要,18
353,票价,18
354,之前,18
355,有人,18
356,注意,18
357,两个,18
358,可能,18
359,灵塔,18
360,不同,18
361,17,18
362,亲切,18
363,根本,18
364,收获,17
365,位置,17
366,这是,17
367,意义,17
368,无数,17
369,结束,17
370,哈哈哈,17
371,充满,17
372,预定,17
373,费用,17
374,来说,17
375,深刻,17
376,啊啊啊,17
377,人文,17
378,渊博,17
379,情况,17
380,旅行社,17
381,一路上,17
382,具有,17
383,限制,17
384,除了,17
385,每天,17
386,酒店,17
387,所有,16
388,布达拉,16
389,不好,16
390,提醒,16
391,准备,16
392,壮丽,16
393,整体,16
394,慢慢,16
395,作为,16
396,最近,16
397,不然,16
398,分钟,16
399,姐姐,16
400,注意事项,16
401,直接,16
402,多少,16
403,导演,16
404,台阶,16
405,一切,16
406,而建,16
407,完美,15
408,怎么,15
409,期待,15
410,明珠,15
411,公园,15
412,珍宝,15
413,一游,15
414,第二次,15
415,理解,15
416,缺氧,15
417,地点,15
418,一位,15
419,100,15
420,天堂,15
421,容易,15
422,然后,15
423,绝对,15
424,机位,15
425,相当,15
426,佛像,15
427,预订,15
428,美女,15
429,之后,15
430,重建,15
431,为了,15
432,这么,15
433,著名,15
434,居所,15
435,藏式,15
436,气势雄伟,15
437,适合,15
438,最初,15
439,要求,14
440,消费,14
441,起来,14
442,世界屋脊,14
443,学到,14
444,政治,14
445,环境,14
446,城堡,14
447,更是,14
448,老师,14
449,特色,14
450,更好,14
451,白天,14
452,号线,14
453,建于,14
454,对于,14
455,帮忙,14
456,一张,14
457,礼物,14
458,人民币,14
459,路线,14
460,路上,14
461,听到,14
462,同时,14
463,本人,14
464,以及,14
465,有意思,14
466,这样,14
467,再次,14
468,好多,14
469,水平,14
470,尺尊,14
471,冬宫,14
472,一趟,14
473,优惠,14
474,兰兰,14
475,同程网,14
476,雪山,13
477,冬季,13
478,带领,13
479,真正,13
480,夜晚,13
481,外面,13
482,可惜,13
483,拉姆,13
484,寺院,13
485,更加,13
486,线路,13
487,超高,13
488,休息,13
489,身份证,13
490,看不懂,13
491,深入,13
492,早上,13
493,公元,13
494,赞赞,13
495,客人,13
496,艺术,13
497,人多,13
498,一体,13
499,主要,13
500,政教合一,13
501,有些,13
502,之旅,13
503,佛教,13
504,金碧辉煌,13
505,独特,13
506,12,13
507,后悔,13
508,何导,12
509,也好,12
510,身体,12
511,圣殿,12
512,以为,12
513,城市,12
514,力量,12
515,老胡,12
516,节奏,12
517,短信,12
518,每人,12
519,祖蓝,12
520,11,12
521,应该,12
522,只要,12
523,能够,12
524,下来,12
525,工作,12
526,辉煌,12
527,当然,12
528,照片,12
529,整座,12
530,余米,12
531,人数,12
532,旅程,12
533,迷人,12
534,工作人员,12
535,全部,12
536,包括,11
537,宫内,11
538,观看,11
539,满满,11
540,接受,11
541,至少,11
542,太阳,11
543,当天,11
544,不少,11
545,人太多,11
546,信息,11
547,后面,11
548,不仅,11
549,大概,11
550,标志性,11
551,不管,11
552,无法,11
553,最美,11
554,此次,11
555,任何,11
556,细节,11
557,打电话,11
558,赞赞赞,11
559,快乐,11
560,宫里,11
561,蓝天白云,11
562,融为一体,11
563,这种,11
564,人美,11
565,蒋导,11
566,基本,11
567,得到,11
568,享受,11
569,地标,11
570,统治,11
571,全国,11
572,重点,11
573,列为,11
574,石壁,11
575,很漂亮,11
576,nice,11
577,这些,11
578,15,11
579,后来,11
580,看见,11
581,景色宜人,11
582,本来,11
583,三个,10
584,几个,10
585,生动有趣,10
586,半天,10
587,旁边,10
588,走马观花,10
589,深厚,10
590,合适,10
591,修建,10
592,奈斯,10
593,太美,10
594,多次,10
595,最佳,10
596,一圈,10
597,不缺,10
598,微信,10
599,人们,10
600,优美,10
601,火车,10
602,效果,10
603,官网,10
604,几乎,10
605,14,10
606,手机,10
607,发现,10
608,一边,10
609,便宜,10
610,解决,10
611,并且,10
612,那里,10
613,必要,10
614,智慧,10
615,扎西德勒,10
616,一日游,10
617,加上,10
618,过来,10
619,价值,10
620,完整,10
621,还好,10
622,带队,10
623,速度,10
624,团友,10
625,有着,10
626,认识,10
627,受益匪浅,10
628,欣赏,10
629,生活,10
630,礼品,10
631,可是,10
632,文物保护,10
633,单位,10
634,1994,10
635,山腰,10
636,大面积,10
637,山岗,10
638,太高,10
639,此生,10
640,房间,10
641,阳光,10
642,寺庙,10
643,不如,10
644,不让,10
645,当时,10
646,魅力,10
647,门票价格,10
648,喇嘛,9
649,别的,9
650,好像,9
651,差评,9
652,普通话,9
653,遇见,9
654,果然,9
655,超好,9
656,张导,9
657,洗涤,9
658,语言,9
659,感动,9
660,原因,9
661,美景,9
662,自驾,9
663,附近,9
664,体会,9
665,最大,9
666,解答,9
667,民族,9
668,考虑,9
669,相信,9
670,很大,9
671,美好,9
672,否则,9
673,更深,9
674,上午,9
675,圣洁,9
676,方式,9
677,沟通,9
678,回答,9
679,充分,9
680,继续,9
681,如此,9
682,那种,9
683,其中,9
684,背面,9
685,把握,9
686,难忘,9
687,永远,9
688,哈哈,9
689,仰望,9
690,小李,9
691,拥有,9
692,想象,9
693,无比,9
694,不够,9
695,3700,9
696,挺不错,9
697,导致,9
698,两次,9
699,石导,9
700,...,9
701,展开,9
702,退票,9
703,王丹,9
704,带票,9
705,不行,8
706,心情,8
707,蓝天,8
708,宫墙,8
709,团员,8
710,小哥,8
711,及时,8
712,真不错,8
713,有个,8
714,味道,8
715,角度,8
716,订单,8
717,通俗易懂,8
718,内心,8
719,灯光,8
720,迟到,8
721,观赏,8
722,景观,8
723,很少,8
724,为什么,8
725,比如,8
726,一周,8
727,以上,8
728,友好,8
729,青藏高原,8
730,肯定,8
731,严重,8
732,办法,8
733,收藏,8
734,过去,8
735,做好,8
736,幸运,8
737,飞机,8
738,加油,8
739,美的,8
740,尤其,8
741,各种,8
742,佛教文化,8
743,游人,8
744,旦增,8
745,古代,8
746,知识面,8
747,集合时间,8
748,自然,8
749,巍峨,8
750,严格,8
751,信徒,8
752,透彻,8
753,离开,8
754,经过,8
755,样子,8
756,舒服,8
757,麻烦,8
758,感恩,8
759,之地,8
760,明白,8
761,講解,8
762,领队,8
763,进行,8
764,保护,8
765,许多,8
766,必到,8
767,告诉,8
768,一说,8
769,很难,8
770,一场,8
771,依山,8
772,对面,8
773,和蔼,8
774,厉害,8
775,建造,8
776,省心,8
777,实惠,8
778,不了,8
779,疫情,8
780,人员,8
781,进藏,8
782,购物,8
783,赵导,8
784,跟不上,8
785,入园,8
786,每次,7
787,如同,7
788,套餐,7
789,王林,7
790,向导,7
791,属于,7
792,去一趟,7
793,前面,7
794,太好了,7
795,经历,7
796,详尽,7
797,交通,7
798,人群,7
799,精神,7
800,格外,7
801,关于,7
802,储备,7
803,伟大,7
804,之类,7
805,此行,7
806,其它,7
807,据说,7
808,时间段,7
809,一步,7
810,传说,7
811,区域,7
812,楼梯,7
813,小朋友,7
814,可爱,7
815,首先,7
816,接待,7
817,朝圣者,7
818,街头,7
819,仓央嘉,7
820,错过,7
821,日光,7
822,不去,7
823,保证,7
824,处理,7
825,不可,7
826,祖国,7
827,胡导,7
828,前来,7
829,殿堂,7
830,悠久,7
831,舒适,7
832,面前,7
833,提问,7
834,相关,7
835,陪同,7
836,重新,7
837,前往,7
838,始建,7
839,色彩,7
840,一共,7
841,总要,7
842,博物馆,7
843,一来,7
844,圆满,7
845,灵魂,7
846,队员,7
847,迁都,7
848,第一批,7
849,多米,7
850,克服,7
851,周围,7
852,服务到位,7
853,藏族同胞,7
854,体力,7
855,布宮,7
856,方面,7
857,倾城,7
858,具体,7
859,跟团,7
860,金顶,7
861,谢导,7
862,導遊,7
863,亲自,7
864,有生之年,7
865,认可,7
866,没什么,7
867,不太,7
868,自由,7
869,00,7
870,总是,7
871,买不到,7
872,居然,7
873,还行,7
874,红山,7
875,我国,7
876,听说,7
877,放心,7
878,素质,7
879,提供,7
880,顿珠,7
881,蓝牙,7
882,藏语,6
883,感到,6
884,影响,6
885,找到,6
886,坑人,6
887,惊喜,6
888,简直,6
889,善良,6
890,看一看,6
891,真心,6
892,天气,6
893,随手,6
894,随着,6
895,免票,6
896,显得,6
897,太棒了,6
898,大方,6
899,第一,6
900,太快,6
901,俯瞰,6
902,学习,6
903,人少,6
904,程序,6
905,孙导,6
906,多年,6
907,重庆,6
908,周边,6
909,奇迹,6
910,指定,6
911,无论,6
912,相对,6
913,有限,6
914,出发,6
915,所有人,6
916,自行,6
917,留下,6
918,投诉,6
919,一人,6
920,强烈,6
921,包含,6
922,单独,6
923,惊叹,6
924,宋导,6
925,经典,6
926,天桥,6
927,傍晚,6
928,是因为,6
929,集合地点,6
930,背后,6
931,金刚,6
932,小王,6
933,吸引,6
934,就算,6
935,目前,6
936,人类,6
937,上山,6
938,国庆,6
939,王晓强,6
940,标准,6
941,一票,6
942,难求,6
943,等到,6
944,别人,6
945,不停,6
946,一处,6
947,曾经,6
948,高大,6
949,时期,6
950,壁画,6
951,场景,6
952,坐在,6
953,唯一,6
954,还来,6
955,一行,6
956,事情,6
957,领略,6
958,就要,6
959,人家,6
960,一句,6
961,半小时,6
962,藏品,6
963,上订,6
964,心善,6
965,帮助,6
966,十年,6
967,王宫,6
968,峭壁,6
969,敬仰,6
970,太贵,6
971,报团,6
972,听得,6
973,参加,6
974,厚重,6
975,雪城,6
976,墨镜,6
977,观景,6
978,季节,6
979,净化,6
980,瑰宝,6
981,支付,6
982,宗教信仰,6
983,有幸,6
984,超过,6
985,组成,6
986,照相,6
987,中午,6
988,显示,6
989,另外,6
990,说明,6
991,土地,6
992,见到,6
993,小伙伴,6
994,那些,6
995,约定,6
996,趣味性,6
997,洗礼,6
998,藏传,6
999,空气,6
1000,27,6
1001,划算,6
1002,保存,6
1003,宫堡,6
1004,80,6
1005,控制,6
1006,检查,6
1007,西藏自治区,6
1008,举世闻名,6
1009,胜地,6
1010,坐落于,6
1011,代表,6
1012,朝圣,6
1013,必游,6
1014,申请,6
1015,公众,6
1016,公司,6
1017,接触,6
1018,充足,6
1019,登上,6
1020,一颗,6
1021,空间站,6
1022,客户,6
1023,外围,6
1024,听不见,6
1025,洛桑,6
1026,赶鸭子,6
1027,无线耳机,6
1028,订购,6
1029,同团,6
1030,离队,6
1031,骂人,6
1032,兑换,6
1033,意见,6
1034,评价,5
1035,之行,5
1036,表扬,5
1037,和善,5
1038,视觉,5
1039,白色,5
1040,同行,5
1041,换票,5
1042,不负责任,5
1043,称为,5
1044,新鲜,5
1045,外部,5
1046,静静地,5
1047,心态,5
1048,身临其境,5
1049,宝藏,5
1050,公里,5
1051,沿途,5
1052,没想到,5
1053,停留,5
1054,必来,5
1055,来布宫,5
1056,娓娓道来,5
1057,无论是,5
1058,第一天,5
1059,有时,5
1060,高价,5
1061,确认,5
1062,当中,5
1063,帅哥,5
1064,宝石,5
1065,不值钱,5
1066,那个,5
1067,系统,5
1068,气势,5
1069,上面,5
1070,友善,5
1071,增加,5
1072,师傅,5
1073,半个,5
1074,圣城,5
1075,存在,5
1076,大声,5
1077,完后,5
1078,毕竟,5
1079,世间,5
1080,好久,5
1081,白来,5
1082,咖啡屋,5
1083,到底,5
1084,如何,5
1085,担心,5
1086,回忆,5
1087,发展,5
1088,使用,5
1089,轻松,5
1090,一家,5
1091,想要,5
1092,碰到,5
1093,几年,5
1094,如愿,5
1095,通道,5
1096,风情,5
1097,感受一下,5
1098,关注,5
1099,带来,5
1100,两天,5
1101,奇珍异宝,5
1102,意思,5
1103,本次,5
1104,期间,5
1105,带上,5
1106,认为,5
1107,以前,5
1108,红色,5
1109,达赖,5
1110,打造,5
1111,路过,5
1112,纪念品,5
1113,脚下,5
1114,性格,5
1115,小孩,5
1116,方便快捷,5
1117,团里,5
1118,运气,5
1119,竟然,5
1120,说话,5
1121,建筑风格,5
1122,研究,5
1123,温和,5
1124,牛奶,5
1125,安静,5
1126,总算,5
1127,说走就走,5
1128,尽责,5
1129,有问必答,5
1130,装饰,5
1131,珠宝,5
1132,旅游景点,5
1133,场所,5
1134,1300,5
1135,1961,5
1136,中华人民共和国国务院,5
1137,老年人,5
1138,熟悉,5
1139,和蔼可亲,5
1140,体现,5
1141,家人,5
1142,地上,5
1143,关心,5
1144,支持,5
1145,信赖,5
1146,印象,5
1147,难得,5
1148,拼团,5
1149,下面,5
1150,语音,5
1151,人间,5
1152,禁止,5
1153,多么,5
1154,珍贵,5
1155,真身,5
1156,一道,5
1157,120,5
1158,总之,5
1159,一份,5
1160,千万,5
1161,等等,5
1162,之中,5
1163,一片,5
1164,梦想,5
1165,随和,5
1166,安心,5
1167,真诚,5
1168,好听,5
1169,市区,5
1170,古建筑,5
1171,回来,5
1172,眼睛,5
1173,之巅,5
1174,旅游团,5
1175,回到,5
1176,受到,5
1177,林芝,5
1178,餐厅,5
1179,收费,5
1180,东门,5
1181,人工湖,5
1182,难受,5
1183,网络,5
1184,金色,5
1185,进门,5
1186,手续费,5
1187,正式,5
1188,然而,5
1189,专门,5
1190,估计,5
1191,随便,5
1192,首选,5
1193,变成,5
1194,空气质量,5
1195,套票,5
1196,40,5
1197,加价,5
1198,黄牛,5
1199,省去,5
1200,演出,5
1201,85,5
1202,无关紧要,5
1203,提前结束,5
1204,张票,5
1205,周导,5
1206,节假日,5
1207,一般般,5
1208,太紧,5
1209,上劲,5
1210,详情,5
1211,酷酷,5
1212,文化底蕴,4
1213,爬布宫,4
1214,年轻,4
1215,膜拜,4
1216,强制,4
1217,不租,4
1218,故意,4
1219,极差,4
1220,唐敏,4
1221,映衬,4
1222,山顶,4
1223,千年,4
1224,额外,4
1225,太短,4
1226,等待,4
1227,扎西,4
1228,中华民族,4
1229,架不住,4
1230,连连,4
1231,全景,4
1232,绝对值,4
1233,一下子,4
1234,真实,4
1235,挺棒,4
1236,五个,4
1237,高兴,4
1238,爬起来,4
1239,特殊,4
1240,意犹未尽,4
1241,殿宇,4
1242,难以,4
1243,气息,4
1244,待人,4
1245,那一刻,4
1246,光芒,4
1247,提前准备,4
1248,衣服,4
1249,放弃,4
1250,价位,4
1251,背景,4
1252,本身,4
1253,经验,4
1254,风光,4
1255,璀璨,4
1256,请个,4
1257,纯粹,4
1258,经文,4
1259,国家,4
1260,易懂,4
1261,兴趣,4
1262,结合,4
1263,文化背景,4
1264,四个,4
1265,没去,4
1266,进来,4
1267,紧张,4
1268,完布宫,4
1269,谭导,4
1270,疑问,4
1271,十天,4
1272,达拉,4
1273,主动,4
1274,接到,4
1275,电子,4
1276,身体状况,4
1277,住进,4
1278,流浪,4
1279,人来,4
1280,1000,4
1281,分享,4
1282,天台,4
1283,车流,4
1284,几天,4
1285,心心念念,4
1286,逛逛,4
1287,成功,4
1288,多多,4
1289,邓导,4
1290,哥哥,4
1291,大哥,4
1292,小团,4
1293,避免,4
1294,拒绝,4
1295,奢华,4
1296,38,4
1297,母亲,4
1298,万岁,4
1299,极高,4
1300,正常,4
1301,对布宫,4
1302,不太好,4
1303,规格,4
1304,故宫,4
1305,饮料,4
1306,监狱,4
1307,视频,4
1308,露天,4
1309,逗留,4
1310,宗角禄康,4
1311,惊艳,4
1312,产品,4
1313,滔滔不绝,4
1314,完成,4
1315,不远万里,4
1316,分别,4
1317,异域,4
1318,不断,4
1319,给力,4
1320,组织,4
1321,妥当,4
1322,形容,4
1323,淳朴,4
1324,修行,4
1325,之上,4
1326,小胡,4
1327,规划,4
1328,著名景点,4
1329,里边,4
1330,快捷,4
1331,戴帽子,4
1332,庄重,4
1333,走进,4
1334,唐卡,4
1335,早点,4
1336,见证,4
1337,随身带,4
1338,热门,4
1339,浏览,4
1340,陈慧,4
1341,业务,4
1342,疯狂,4
1343,而已,4
1344,远处,4
1345,两年,4
1346,功课,4
1347,行走,4
1348,全体,4
1349,简单,4
1350,随时,4
1351,大气,4
1352,帅气,4
1353,688,4
1354,挑战,4
1355,要是,4
1356,礼貌,4
1357,普陀,4
1358,菩萨,4
1359,宏大,4
1360,稍微,4
1361,美美,4
1362,庄严肃穆,4
1363,暑假,4
1364,各位,4
1365,充实,4
1366,小心,4
1367,责任心,4
1368,人挤,4
1369,五世,4
1370,气喘吁吁,4
1371,方向,4
1372,天下,4
1373,喷泉,4
1374,限流,4
1375,2020,4
1376,不再,4
1377,不留,4
1378,而是,4
1379,一辈子,4
1380,最为,4
1381,愿意,4
1382,敬意,4
1383,长时间,4
1384,流连忘返,4
1385,藏族人,4
1386,对外开放,4
1387,忘记,4
1388,零钱,4
1389,居住,4
1390,乃至,4
1391,天上,4
1392,因為,4
1393,尽职尽责,4
1394,时光,4
1395,详实,4
1396,亲和力,4
1397,玩得,4
1398,人不多,4
1399,良好,4
1400,自治区,4
1401,削壁,4
1402,距今已有,4
1403,深信,4
1404,这辈子,4
1405,人心,4
1406,净土,4
1407,敬畏,4
1408,努力,4
1409,纯净,4
1410,理由,4
1411,半价,4
1412,高度,4
1413,姑娘,4
1414,夜色,4
1415,建筑物,4
1416,管理,4
1417,气势磅礴,4
1418,白云,4
1419,精美,4
1420,总的来说,4
1421,一眼,4
1422,前去,4
1423,边上,4
1424,南山,4
1425,初次,4
1426,浓郁,4
1427,走路,4
1428,2019,4
1429,图片,4
1430,根据,4
1431,没人,4
1432,是从,4
1433,分为,4
1434,佛教徒,4
1435,广大,4
1436,没到,4
1437,刘导,4
1438,四川,4
1439,珍藏,4
1440,条件,4
1441,观音,4
1442,庞大,4
1443,历史文物,4
1444,坐落,4
1445,激动,4
1446,已久,4
1447,干净,4
1448,心目,4
1449,有种,4
1450,大部分,4
1451,黄牛票,4
1452,一早,4
1453,八廓街,4
1454,父亲,4
1455,租借,4
1456,所在,4
1457,看过,4
1458,商家,4
1459,余导,4
1460,块钱,4
1461,差不多,4
1462,冬游,4
1463,罗布,4
1464,藏区,4
1465,听得见,4
1466,白塔,4
1467,太漂亮,4
1468,过分,4
1469,不带,4
1470,小雨,4
1471,花钱,4
1472,联票,4
1473,60,4
1474,負責,4
1475,問題,4
1476,准时,4
1477,半价票,4
1478,我订,4
1479,敷衍了事,4
1480,骗人,4
1481,太赶,4
1482,网站,4
1483,如能,4
1484,配发,4
1485,明星,4
1486,不算,3
1487,名字,3
1488,那天,3
1489,非常热心,3
1490,团游,3
1491,自愿,3
1492,矗立,3
1493,太多,3
1494,欺骗,3
1495,巨大,3
1496,巧妙,3
1497,神殿,3
1498,油灯,3
1499,气氛,3
1500,一幅,3
1501,初到,3
1502,游布宫,3
1503,攻略,3
1504,这一,3
1505,带有,3
1506,收取,3
1507,普布,3
1508,好棒,3
1509,郝导,3
1510,唐朝,3
1511,清朝,3
1512,能不来,3
1513,解放,3
1514,纪念,3
1515,正面,3
1516,ok,3
1517,细细的,3
1518,小小的,3
1519,西南,3
1520,大片,3
1521,数不尽,3
1522,祈祷,3
1523,信仰者,3
1524,实际上,3
1525,气场,3
1526,能量,3
1527,满满的,3
1528,缘分,3
1529,寻找,3
1530,一流,3
1531,跟随,3
1532,优良,3
1533,不仅仅,3
1534,专业性,3
1535,光线,3
1536,一番,3
1537,大姐,3
1538,不低,3
1539,技术,3
1540,缓解,3
1541,景象,3
1542,叹为观止,3
1543,五十元,3
1544,天然,3
1545,颜色,3
1546,感叹,3
1547,用于,3
1548,温馨,3
1549,农奴,3
1550,赠送,3
1551,温暖,3
1552,等候,3
1553,因此,3
1554,出票,3
1555,进宫,3
1556,富丽堂皇,3
1557,解说员,3
1558,酥油,3
1559,出色,3
1560,每到,3
1561,不得,3
1562,进不去,3
1563,缺点,3
1564,离谱,3
1565,阶梯,3
1566,梦寐以求,3
1567,上下,3
1568,尽职,3
1569,事项,3
1570,19,3
1571,忍不住,3
1572,听见,3
1573,无损,3
1574,抢票,3
1575,浪费,3
1576,人超,3
1577,也许,3
1578,记住,3
1579,一段,3
1580,融合,3
1581,情郎,3
1582,措的,3
1583,星月,3
1584,菩提,3
1585,时代,3
1586,潮流,3
1587,三脚架,3
1588,焦段,3
1589,北京,3
1590,商场,3
1591,提早,3
1592,取景,3
1593,经常,3
1594,对比,3
1595,晚点,3
1596,随身携带,3
1597,香格里拉酒店,3
1598,心里,3
1599,作用,3
1600,物品,3
1601,想法,3
1602,改期,3
1603,这位,3
1604,真是太,3
1605,开业,3
1606,关闭,3
1607,太难,3
1608,增添,3
1609,流泪,3
1610,点个,3
1611,第二道,3
1612,有所,3
1613,普通,3
1614,一看,3
1615,要不然,3
1616,语气,3
1617,威严,3
1618,一声,3
1619,切记,3
1620,成员,3
1621,感慨,3
1622,操作,3
1623,于是,3
1624,没法,3
1625,王丽,3
1626,陈导点,3
1627,心旷神怡,3
1628,今年,3
1629,折服,3
1630,越来越,3
1631,幸福,3
1632,和谐,3
1633,领悟,3
1634,听听,3
1635,那样,3
1636,公交,3
1637,开车,3
1638,停车,3
1639,打火机,3
1640,展示,3
1641,古迹,3
1642,一面,3
1643,无字碑,3
1644,世达赖,3
1645,功绩,3
1646,爬楼梯,3
1647,再用,3
1648,慢点,3
1649,门洞,3
1650,面积,3
1651,价值连城,3
1652,全球,3
1653,精华,3
1654,引起,3
1655,接近,3
1656,记忆,3
1657,一条,3
1658,人文景观,3
1659,优质,3
1660,18,3
1661,差点,3
1662,传奇,3
1663,金牌,3
1664,耽误,3
1665,之下,3
1666,恢宏,3
1667,经验丰富,3
1668,语言表达,3
1669,民风,3
1670,民俗,3
1671,独一无二,3
1672,细致入微,3
1673,宁静,3
1674,苍穹,3
1675,星空,3
1676,本地,3
1677,认真细致,3
1678,祈福,3
1679,建筑设计,3
1680,比较满意,3
1681,反复,3
1682,省事,3
1683,洁白,3
1684,浓重,3
1685,有条不紊,3
1686,氧气瓶,3
1687,十一,3
1688,限时,3
1689,清晨,3
1690,硬生生,3
1691,看着,3
1692,眼前,3
1693,3000,3
1694,爬上去,3
1695,兼职,3
1696,壮美,3
1697,无限,3
1698,燕子,3
1699,一带,3
1700,远远,3
1701,难度,3
1702,夏天,3
1703,路程,3
1704,有关,3
1705,内涵,3
1706,很帅,3
1707,确定,3
1708,大人,3
1709,历史感,3
1710,规范,3
1711,开门,3
1712,清新,3
1713,放松,3
1714,小草,3
1715,首次,3
1716,明明白白,3
1717,及其,3
1718,说法,3
1719,转经筒,3
1720,有加,3
1721,我来,3
1722,只不过,3
1723,一切都是,3
1724,敷衍,3
1725,中间,3
1726,灵活,3
1727,小杜,3
1728,守时,3
1729,度过,3
1730,票太难,3
1731,规定,3
1732,黄色,3
1733,紧凑,3
1734,再也,3
1735,太棒,3
1736,引导,3
1737,有序,3
1738,假期,3
1739,氛围,3
1740,提升,3
1741,温度,3
1742,世人,3
1743,赶上,3
1744,尽量,3
1745,脚步,3
1746,携带,3
1747,化妆品,3
1748,液体,3
1749,600,3
1750,中旬,3
1751,生有幸,3
1752,宝物,3
1753,盛宴,3
1754,世界遗产,3
1755,一旦,3
1756,长长的,3
1757,深深,3
1758,垒砌,3
1759,群楼,3
1760,嵯峨,3
1761,售票处,3
1762,远眺,3
1763,同一个,3
1764,300,3
1765,卫生间,3
1766,超值,3
1767,骄傲,3
1768,一大早,3
1769,一会,3
1770,很快,3
1771,司机,3
1772,检票,3
1773,工艺,3
1774,供奉,3
1775,一块,3
1776,变化,3
1777,早晨,3
1778,干燥,3
1779,携程网,3
1780,.......,3
1781,路边,3
1782,夜幕,3
1783,更美,3
1784,想起,3
1785,天安门,3
1786,全是,3
1787,不能不,3
1788,呼吸,3
1789,实现,3
1790,剩下,3
1791,深入浅出,3
1792,兴奋,3
1793,人流,3
1794,庆幸,3
1795,导员,3
1796,点评,3
1797,太累,3
1798,解释,3
1799,文成,3
1800,藏王,3
1801,踏上,3
1802,那片,3
1803,回去,3
1804,不负,3
1805,念念不忘,3
1806,总有一天,3
1807,门前,3
1808,一遇,3
1809,令人神往,3
1810,赶紧,3
1811,住宿,3
1812,一半,3
1813,当地人,3
1814,等于,3
1815,西藏地区,3
1816,几次,3
1817,超越,3
1818,热爱,3
1819,藏服,3
1820,亲眼目睹,3
1821,头上,3
1822,这片,3
1823,不光,3
1824,升华,3
1825,漫步,3
1826,当之无愧,3
1827,人会,3
1828,正好,3
1829,房屋,3
1830,停车场,3
1831,吃饭,3
1832,就行,3
1833,水杯,3
1834,看不到,3
1835,图案,3
1836,或是,3
1837,后山,3
1838,千万别,3
1839,恋爱,3
1840,两侧,3
1841,直播,3
1842,无与伦比,3
1843,灿烂,3
1844,雄踞,3
1845,完好,3
1846,春天,3
1847,心脏,3
1848,舍不得,3
1849,到处,3
1850,计划,3
1851,足以,3
1852,换零钱,3
1853,形象,3
1854,梵语,3
1855,每年,3
1856,来过,3
1857,类似,3
1858,第三道,3
1859,第一道,3
1860,有名,3
1861,升起,3
1862,满足,3
1863,地理位置,3
1864,生命,3
1865,吓一跳,3
1866,u200b,3
1867,极为,3
1868,明亮,3
1869,不愧,3
1870,必定,3
1871,极其,3
1872,混乱,3
1873,卓导,3
1874,提示,3
1875,150,3
1876,仰慕,3
1877,土木,3
1878,次日,3
1879,售票,3
1880,早已,3
1881,对此,3
1882,上去,3
1883,付费,3
1884,走过,3
1885,装修,3
1886,甚至,3
1887,小姑娘,3
1888,智能化,3
1889,找个,3
1890,真得,3
1891,飞行,3
1892,便捷,3
1893,冰川,3
1894,很能,3
1895,有太多,3
1896,按照,3
1897,正史,3
1898,参团,3
1899,风景秀丽,3
1900,马上,3
1901,很小,3
1902,只好,3
1903,顺畅,3
1904,信心,3
1905,原来,3
1906,平常,3
1907,圆寂,3
1908,前世,3
1909,今生,3
1910,凌晨,3
1911,明信片,3
1912,途中,3
1913,依然,3
1914,满分,3
1915,红景天,3
1916,官方,3
1917,星期,3
1918,OK,3
1919,不可思议,3
1920,周末,3
1921,尊重,3
1922,水潭,3
1923,露台,3
1924,恢弘,3
1925,心细,3
1926,很会,3
1927,哈哈哈哈,3
1928,定票,3
1929,全世界,3
1930,最多,3
1931,精通,3
1932,行为,3
1933,解决问题,3
1934,最最,3
1935,约票,3
1936,反正,3
1937,来回,3
1938,态度恶劣,3
1939,接送,3
1940,名不虚传,3
1941,说好,3
1942,老乡,3
1943,一同,3
1944,一米,3
1945,没用,3
1946,是不是,3
1947,恶心,3
1948,杠杠,3
1949,十几个,3
1950,付款,3
1951,參觀,3
1952,十个,3
1953,散客,3
1954,听不清,3
1955,表演,3
1956,万导,3
1957,忽悠,3
1958,差价,3
1959,集体,3
1960,发放,3
1961,停顿,3
1962,陈敏,3
1963,666,3
1964,关键,3
1965,小罗,3
1966,太坑,3
1967,吸氧,3
1968,太差,3
1969,郭导,3
1970,偏高,3
1971,....,3
1972,生气,3
1973,良多,2
1974,年纪,2
1975,王华,2
1976,心想,2
1977,基本上,2
1978,不像,2
1979,对接,2
1980,讲话,2
1981,进店,2
1982,孤独,2
1983,神宫,2
1984,山下,2
1985,灯火,2
1986,自我,2
1987,封闭,2
1988,买个,2
1989,小何,2
1990,出现,2
1991,功底,2
1992,旅途,2
1993,任导,2
1994,鼓足勇气,2
1995,圣神,2
1996,多人,2
1997,活好,2
1998,拉宫,2
1999,非凡,2
2000,人中,2
2001,要来,2
2002,古格,2
2003,圣湖,2
2004,纯朴,2
2005,克拉斯,2
2006,围着,2
2007,转经道,2
2008,1.96,2
2009,长头,2
2010,亲眼所见,2
2011,暖暖的,2
2012,同胞,2
2013,累人,2
2014,相识,2
2015,过客,2
2016,注定,2
2017,莎莎,2
2018,无微不至,2
2019,推销,2
2020,心驰神往,2
2021,U0001f979,2
2022,像是,2
2023,空中,2
2024,最高处,2
2025,储备量,2
2026,附加,2
2027,老公,2
2028,相遇,2
2029,非常适合,2
2030,果断,2
2031,月初,2
2032,胡哥,2
2033,掌握,2
2034,诱导,2
2035,爬山,2
2036,一睹,2
2037,钻石,2
2038,社会,2
2039,结构,2
2040,进一步,2
2041,美食,2
2042,随处可见,2
2043,沉浸,2
2044,燃烧,2
2045,一一,2
2046,某个,2
2047,轻松愉快,2
2048,殿内,2
2049,来讲,2
2050,咖啡厅,2
2051,管理人员,2
2052,酥油茶,2
2053,抵达,2
2054,优点,2
2055,外表,2
2056,一个个,2
2057,队伍,2
2058,出钱,2
2059,第一个,2
2060,浪费时间,2
2061,暑期,2
2062,3600,2
2063,体质,2
2064,顶礼膜拜,2
2065,永导,2
2066,决定,2
2067,西安,2
2068,直观,2
2069,不易,2
2070,接电话,2
2071,方案,2
2072,交流,2
2073,租赁,2
2074,第一站,2
2075,之城,2
2076,一二,2
2077,八廓,2
2078,顶层,2
2079,带长,2
2080,东路,2
2081,左边,2
2082,坐电梯,2
2083,四楼,2
2084,上楼,2
2085,点多,2
2086,日落,2
2087,斜对面,2
2088,纸币,2
2089,太大,2
2090,清澈,2
2091,大堂,2
2092,火锅,2
2093,看布宫,2
2094,惬意,2
2095,欢迎,2
2096,补充,2
2097,剧烈运动,2
2098,组团,2
2099,头天,2
2100,一试,2
2101,上票,2
2102,着急,2
2103,航班,2
2104,取消,2
2105,叔叔,2
2106,温柔体贴,2
2107,一个多,2
2108,晓强,2
2109,汉藏,2
2110,乐趣,2
2111,哪里,2
2112,犹如,2
2113,室内,2
2114,功能,2
2115,每一处,2
2116,一部分,2
2117,足够,2
2118,解读,2
2119,残酷,2
2120,另有,2
2121,出游,2
2122,强力,2
2123,个别,2
2124,热情服务,2
2125,到访,2
2126,突然,2
2127,涨价,2
2128,一站式,2
2129,来看,2
2130,太赞,2
2131,集合点,2
2132,回复,2
2133,上次,2
2134,设计,2
2135,渺小,2
2136,全额,2
2137,此时,2
2138,人买,2
2139,条理清晰,2
2140,干货,2
2141,打开,2
2142,认知,2
2143,即使,2
2144,一刻不停,2
2145,爬上爬下,2
2146,劳动,2
2147,很受,2
2148,增长,2
2149,早就,2
2150,人流量,2
2151,节省,2
2152,安康,2
2153,正是,2
2154,秋夜,2
2155,安定,2
2156,灵性,2
2157,蟋蟀,2
2158,中原,2
2159,虽说,2
2160,检票口,2
2161,每张,2
2162,入场,2
2163,现存,2
2164,花卉,2
2165,映入眼帘,2
2166,大量,2
2167,饮品,2
2168,一杯,2
2169,呈现,2
2170,刑法,2
2171,文字,2
2172,记录,2
2173,制作,2
2174,佛塔,2
2175,经书,2
2176,个个,2
2177,舍利,2
2178,遥望,2
2179,沿着,2
2180,其余,2
2181,文创馆,2
2182,全貌,2
2183,这家,2
2184,小游,2
2185,之游,2
2186,直射,2
2187,安全,2
2188,旅客,2
2189,诙谐,2
2190,西藏高原,2
2191,无聊,2
2192,遵守,2
2193,走走停停,2
2194,长队,2
2195,不失,2
2196,尽心尽力,2
2197,小夏,2
2198,流利,2
2199,丰富多彩,2
2200,目的地,2
2201,浓厚,2
2202,沉淀,2
2203,旅途愉快,2
2204,不须,2
2205,衬托,2
2206,更显,2
2207,蜂蜜,2
2208,藏红花,2
2209,信任,2
2210,堪称,2
2211,尽管,2
2212,十分满意,2
2213,准确,2
2214,说出,2
2215,好去处,2
2216,心之所,2
2217,环境优美,2
2218,务必,2
2219,怀着,2
2220,喜悦,2
2221,攀登,2
2222,打个,2
2223,尽心,2
2224,跋涉,2
2225,妹妹,2
2226,博学多才,2
2227,变迁,2
2228,搞定,2
2229,感情,2
2230,气势恢宏,2
2231,蔚为壮观,2
2232,核心,2
2233,--,2
2234,互动,2
2235,离天,2
2236,2023,2
2237,赶路,2
2238,摄影,2
2239,执念,2
2240,拍拍,2
2241,各个方面,2
2242,西北角,2
2243,规模,2
2244,历史悠久,2
2245,2.8,2
2246,创馆,2
2247,放空,2
2248,情景,2
2249,山坡,2
2250,有求必应,2
2251,时隔,2
2252,不多,2
2253,人小,2
2254,一家亲,2
2255,见识,2
2256,玩儿,2
2257,爸爸妈妈,2
2258,游记,2
2259,以外,2
2260,流畅,2
2261,反馈,2
2262,出名,2
2263,挺大,2
2264,拿到,2
2265,原价,2
2266,不贵,2
2267,车位,2
2268,雄姿,2
2269,目睹,2
2270,雄壮,2
2271,沐浴,2
2272,高高在上,2
2273,漫长,2
2274,疲惫,2
2275,遮挡,2
2276,抗高反,2
2277,周全,2
2278,第二,2
2279,观世音,2
2280,同款,2
2281,徐导,2
2282,结伴,2
2283,人特好,2
2284,方方面面,2
2285,360,2
2286,明年,2
2287,工程浩大,2
2288,王岛,2
2289,出口,2
2290,精辟,2
2291,走走,2
2292,底蕴,2
2293,讲导,2
2294,还会来,2
2295,信佛,2
2296,终点,2
2297,按时,2
2298,引人入胜,2
2299,引经据典,2
2300,一级,2
2301,房子,2
2302,精彩绝伦,2
2303,不急,2
2304,颇丰,2
2305,很深,2
2306,表现,2
2307,开朗,2
2308,小票,2
2309,爬坡,2
2310,待客,2
2311,精力,2
2312,第三极,2
2313,导员旦,2
2314,六世,2
2315,塑像,2
2316,一件,2
2317,风云变幻,2
2318,高贵,2
2319,十大,2
2320,21,2
2321,22,2
2322,一楼,2
2323,无价之宝,2
2324,纯金,2
2325,背包,2
2326,刀具,2
2327,佩戴,2
2328,爱美,2
2329,衣着,2
2330,暴露,2
2331,喧哗,2
2332,观布宫,2
2333,北约,2
2334,新店,2
2335,八方客,2
2336,广交,2
2337,军人,2
2338,入住,2
2339,致敬,2
2340,音乐,2
2341,标志,2
2342,承受,2
2343,压力,2
2344,每日,2
2345,收到,2
2346,满眼,2
2347,秘密,2
2348,午饭,2
2349,纪录片,2
2350,十点,2
2351,预留,2
2352,十分钟,2
2353,双眼,2
2354,细细品味,2
2355,困难,2
2356,公交车,2
2357,壮阔,2
2358,信教,2
2359,重叠,2
2360,横空出世,2
2361,气贯,2
2362,之势,2
2363,坚实,2
2364,花岗石,2
2365,墙体,2
2366,松茸,2
2367,平展,2
2368,白玛草,2
2369,墙领,2
2370,鎏金,2
2371,宝瓶,2
2372,相映,2
2373,鲜明对比,2
2374,神像,2
2375,感触,2
2376,女士,2
2377,长裤,2
2378,打伞,2
2379,典故,2
2380,多点,2
2381,现实,2
2382,报个,2
2383,这方面,2
2384,红白,2
2385,承载,2
2386,肃穆,2
2387,tips,2
2388,非常低,2
2389,湿润,2
2390,明显,2
2391,下雨,2
2392,有票,2
2393,观音菩萨,2
2394,墙壁,2
2395,而成,2
2396,天安门广场,2
2397,水池,2
2398,绚丽,2
2399,2016,2
2400,排到,2
2401,正門,2
2402,每個,2
2403,感覺,2
2404,愿望,2
2405,言语,2
2406,久久,2
2407,感好,2
2408,锻炼身体,2
2409,直一去,2
2410,增导,2
2411,转业,2
2412,居民,2
2413,设备,2
2414,谅解,2
2415,有条理,2
2416,罗导,2
2417,服务满意,2
2418,出门,2
2419,小贵,2
2420,多谢,2
2421,舒心,2
2422,将导,2
2423,包容,2
2424,导览,2
2425,见解,2
2426,通透,2
2427,称职,2
2428,流程,2
2429,平时,2
2430,扩建,2
2431,人想,2
2432,迟迟,2
2433,远方,2
2434,治愈,2
2435,女孩子,2
2436,不知,2
2437,理想,2
2438,已过,2
2439,高耸,2
2440,欢迎光临,2
2441,过往,2
2442,生死,2
2443,终生,2
2444,以梦为,2
2445,便是,2
2446,总有,2
2447,或许,2
2448,启发,2
2449,一家人,2
2450,感悟,2
2451,布拉,2
2452,三次,2
2453,服好,2
2454,good,2
2455,晴朗,2
2456,长细,2
2457,项目,2
2458,大型,2
2459,去年,2
2460,避开,2
2461,幽雅,2
2462,亲子,2
2463,比起,2
2464,熙熙攘攘,2
2465,湛蓝,2
2466,省钱,2
2467,五十,2
2468,看出,2
2469,地位,2
2470,美不胜收,2
2471,一百,2
2472,400,2
2473,偏贵,2
2474,堵车,2
2475,旅拍,2
2476,纯正,2
2477,外墙,2
2478,布局,2
2479,元素,2
2480,传承,2
2481,众多,2
2482,自然景观,2
2483,难以忘怀,2
2484,围绕,2
2485,餐馆,2
2486,人气,2
2487,5A,2
2488,有点累,2
2489,桂冠,2
2490,极度,2
2491,财富,2
2492,一段时间,2
2493,太晚,2
2494,近距离,2
2495,痕迹,2
2496,镜头,2
2497,70,2
2498,拍摄者,2
2499,注意安全,2
2500,水面,2
2501,平静,2
2502,拍到,2
2503,洒水,2
2504,车子,2
2505,平措,2
2506,康桑,2
2507,网红,2
2508,历史背景,2
2509,正门,2
2510,地图,2
2511,短裤,2
2512,裙子,2
2513,拖鞋,2
2514,横幅,2
2515,标语,2
2516,纸质,2
2517,捐赠,2
2518,预先指定,2
2519,迷路,2
2520,来得,2
2521,触及,2
2522,适应,2
2523,丽江,2
2524,艳遇,2
2525,大理,2
2526,疗伤,2
2527,偶尔,2
2528,食物,2
2529,小说,2
2530,勇气,2
2531,其次,2
2532,月底,2
2533,向下,2
2534,延伸,2
2535,相接,2
2536,高超,2
2537,技艺,2
2538,院子,2
2539,夕阳,2
2540,转经,2
2541,藏香,2
2542,似乎,2
2543,阔别,2
2544,从未,2
2545,底下,2
2546,午后,2
2547,再见,2
2548,首歌,2
2549,强调,2
2550,淡旺季,2
2551,入院,2
2552,带团,2
2553,多样,2
2554,远望,2
2555,阿里,2
2556,北线,2
2557,无人区,2
2558,政府,2
2559,上当,2
2560,各代,2
2561,对待,2
2562,这边,2
2563,之情,2
2564,没收,2
2565,仅供参考,2
2566,几张,2
2567,无尽,2
2568,110,2
2569,山脚,2
2570,向上,2
2571,三道,2
2572,门处会,2
2573,字型,2
2574,汇集,2
2575,900,2
2576,多级,2
2577,地区,2
2578,很值,2
2579,641,2
2580,和平,2
2581,纪念碑,2
2582,第一眼,2
2583,世上,2
2584,小事,2
2585,哪些,2
2586,想着,2
2587,只想,2
2588,晒太阳,2
2589,各有,2
2590,多吨,2
2591,忽略,2
2592,古建筑群,2
2593,洛迦,2
2594,译音,2
2595,慈航以,2
2596,普救,2
2597,众生,2
2598,唐代,2
2599,初年,2
2600,藏文,2
2601,出于,2
2602,最高点,2
2603,同学,2
2604,大爱,2
2605,私家,2
2606,油画,2
2607,古人,2
2608,手工,2
2609,踏上去,2
2610,放下,2
2611,队友,2
2612,今天天气,2
2613,转转,2
2614,保留,2
2615,佩服,2
2616,代表性,2
2617,不计其数,2
2618,不论,2
2619,返还,2
2620,是否,2
2621,规则,2
2622,无不,2
2623,伟岸,2
2624,36,2
2625,人人,2
2626,记载,2
2627,遗址,2
2628,杰出,2
2629,老年,2
2630,神往,2
2631,人山人海,2
2632,打车,2
2633,亲临,2
2634,人力车,2
2635,玛吉,2
2636,阿米,2
2637,情人,2
2638,哪个,2
2639,敬佩,2
2640,亲眼,2
2641,勤劳,2
2642,无序,2
2643,风景如画,2
2644,统治者,2
2645,无人机,2
2646,依旧,2
2647,夜间,2
2648,2022,2
2649,巍巍,2
2650,所言,2
2651,故而,2
2652,立马,2
2653,云里雾里,2
2654,备好,2
2655,氧气,2
2656,衡量,2
2657,至于,2
2658,变得,2
2659,开阔,2
2660,未能,2
2661,活佛,2
2662,想来,2
2663,从来,2
2664,不止,2
2665,明确,2
2666,那时,2
2667,不为过,2
2668,绿松石,2
2669,圆满结束,2
2670,整洁,2
2671,典雅,2
2672,环保,2
2673,胡杨,2
2674,75,2
2675,搀扶,2
2676,照拂,2
2677,可谓,2
2678,了如指掌,2
2679,产生,2
2680,勉强,2
2681,右侧,2
2682,数数,2
2683,半夜,2
2684,云彩,2
2685,DL,2
2686,主殿,2
2687,安放,2
2688,遗体,2
2689,畅游,2
2690,被誉为,2
2691,大圣,2
2692,羊湖,2
2693,穿越,2
2694,面对,2
2695,矿泉水,2
2696,主楼,2
2697,二道,2
2698,相当于,2
2699,大约,2
2700,进口,2
2701,听过,2
2702,5000,2
2703,动手,2
2704,七个,2
2705,十三层,2
2706,不累,2
2707,改变,2
2708,常规,2
2709,太好,2
2710,智能,2
2711,仙境,2
2712,美轮美奂,2
2713,预期,2
2714,脸色,2
2715,当年,2
2716,模式,2
2717,自身,2
2718,发光,2
2719,不见,2
2720,大门,2
2721,太小,2
2722,经筒,2
2723,想想,2
2724,大成,2
2725,前一天,2
2726,限定,2
2727,便利,2
2728,长河,2
2729,贵族,2
2730,诠释,2
2731,六年,2
2732,整整,2
2733,拿出,2
2734,有缘,2
2735,普措,2
2736,素养,2
2737,水中,2
2738,家里,2
2739,更要,2
2740,活动,2
2741,尺寸,2
2742,事件,2
2743,如数家珍,2
2744,随身,2
2745,我定,2
2746,邂逅,2
2747,尚未,2
2748,倒水,2
2749,不高,2
2750,小山,2
2751,黑夜,2
2752,此处,2
2753,山体,2
2754,上海,2
2755,懂得,2
2756,小伙子,2
2757,长得,2
2758,热情好客,2
2759,那边,2
2760,此趟,2
2761,远观,2
2762,为宜,2
2763,不想,2
2764,视野,2
2765,半票,2
2766,窗口,2
2767,一拍,2
2768,出去,2
2769,全程无,2
2770,人性化,2
2771,进园,2
2772,参观票,2
2773,名义,2
2774,这份,2
2775,同意,2
2776,有没有,2
2777,侵犯,2
2778,减少,2
2779,耸立,2
2780,共享,2
2781,单车,2
2782,几步,2
2783,即便,2
2784,宝宝,2
2785,感兴趣,2
2786,浓缩,2
2787,宝库,2
2788,山谷,2
2789,都市,2
2790,瞻仰,2
2791,头昏脑胀,2
2792,难买,2
2793,心去,2
2794,风俗,2
2795,仔细认真,2
2796,再说,2
2797,进寺,2
2798,四大,2
2799,懒得,2
2800,不值,2
2801,起床,2
2802,神圣不可,2
2803,百看不厌,2
2804,不买,2
2805,城里,2
2806,三年,2
2807,过年,2
2808,比较顺利,2
2809,买好,2
2810,前后,2
2811,石圣鸿,2
2812,巴适,2
2813,万分,2
2814,我报,2
2815,并肩,2
2816,七八个,2
2817,实话实说,2
2818,李兰,2
2819,人好,2
2820,操心,2
2821,vip,2
2822,一分钱,2
2823,自动,2
2824,教师证,2
2825,霸王,2
2826,条款,2
2827,友们,2
2828,药品,2
2829,服用,2
2830,百服,2
2831,头痛,2
2832,西洋参,2
2833,含片,2
2834,色拉寺,2
2835,正题,2
2836,初见,2
2837,当晚,2
2838,阳台,2
2839,学生证,2
2840,拿票,2
2841,不划算,2
2842,喜洋洋,2
2843,九人,2
2844,老人家,2
2845,挤来挤去,2
2846,对不上,2
2847,双头,2
2848,挤人,2
2849,神经病,2
2850,要钱,2
2851,冤大头,2
2852,古街,2
2853,转轮,2
2854,报价,2
2855,客戶,2
2856,服務,2
2857,還是,2
2858,訂票,2
2859,出現,2
2860,溝通,2
2861,汪導,2
2862,我們,2
2863,盆友問,2
2864,我覺,2
2865,這樣,2
2866,還主動,2
2867,拓展,2
2868,東西,2
2869,前後後有關,2
2870,知識,2
2871,整體,2
2872,李师傅,2
2873,陪伴,2
2874,大清早,2
2875,价钱,2
2876,随意,2
2877,售票点,2
2878,有待,2
2879,每位,2
2880,查询,2
2881,几经周折,2
2882,特殊性,2
2883,吓坏,2
2884,再则,2
2885,随机,2
2886,398,2
2887,王丹姐,2
2888,配有,2
2889,比较清楚,2
2890,两张,2
2891,绑定,2
2892,这段,2
2893,出布,2
2894,宫后,2
2895,消费者,2
2896,进不了,2
2897,对人,2
2898,措施,2
2899,成熟,2
2900,要排,2
2901,太次,2
2902,26,2
2903,太黑,2
2904,一群,2
2905,联络,2
2906,wifi,2
2907,只退,2
2908,票钱,2
2909,280,2
2910,plus,2
2911,门票费,2
2912,才行,2
2913,一人带,2
2914,low,2
2915,放个,2
2916,男女,2
2917,讲清楚,2
2918,后边,2
2919,人留,2
2920,昨天,2
2921,发给,2
2922,没说,2
2923,买贵,2
2924,折返,2
2925,脾气,2
2926,看运气,2
2927,专员,2
2928,下回,2
2929,汪导,2
2930,还贵,2
2931,285,2
2932,节日快乐,2
2933,常好,2
2934,再订,2
2935,8.16,2
2936,气愤,2
2937,十几分钟,2
2938,气喘,2
2939,罗英,2
2940,朴实,2
2941,走得,2
2942,啥意思,2
2943,唐导,2
2944,小宋,2
2945,还定,2
2946,恶劣,2
2947,票要,2
2948,来电,2
2949,搞错,2
2950,脚痛,2
2951,没租,2
2952,果真,2
2953,窃窃私语,2
2954,记不住,1
2955,累得,1
2956,太不容易,1
2957,阿姨,1
2958,她们,1
2959,解释一下,1
2960,体谅,1
2961,团友们,1
2962,爬楼,1
2963,一大堆,1
2964,佛前,1
2965,拜拜,1
2966,寒风,1
2967,中等,1
2968,压低,1
2969,真不知道,1
2970,山峰,1
2971,如其,1
2972,茫茫,1
2973,雪原,1
2974,水晶,1
2975,般的,1
2976,庙宇,1
2977,圣宫,1
2978,利用,1
2979,丘陵,1
2980,地势,1
2981,哈达,1
2982,盘山道,1
2983,暗淡,1
2984,古旧,1
2985,沧桑,1
2986,神佛,1
2987,摇曳,1
2988,诡异,1
2989,古卷,1
2990,对抗,1
2991,可怜,1
2992,可笑,1
2993,可叹,1
2994,紧紧,1
2995,心切,1
2996,问鼎,1
2997,哪儿,1
2998,闻需,1
2999,感到高兴,1
3000,欣慰,1
3001,自说,1
3002,半藏,1
3003,半汉,1
3004,磁性,1
3005,传递,1
3006,浓浓的,1
3007,真情,1
3008,展现出,1
3009,光临,1
3010,鸡蛋里挑,1
3011,骨头,1
3012,化解,1
3013,总能,1
3014,夸夸,1
3015,小张,1
3016,立即,1
3017,75%,1
3018,请问,1
3019,抢钱,1
3020,忙前忙后,1
3021,处处,1
3022,不用说,1
3023,学术研究,1
3024,好运,1
3025,会为,1
3026,添彩,1
3027,太爱,1
3028,不亏,1
3029,当过兵,1
3030,作风,1
3031,打胜仗,1
3032,悬浮,1
3033,触摸,1
3034,祖恒,1
3035,善于,1
3036,讲清,1
3037,脉络,1
3038,特点,1
3039,实诚,1
3040,隐形,1
3041,眼里,1
3042,各族,1
3043,佛帝,1
3044,交接,1
3045,为布宫,1
3046,旅添色,1
3047,第四次,1
3048,波澜,1
3049,本色,1
3050,如下,1
3051,再晚,1
3052,排长龙,1
3053,太阳光,1
3054,柔和,1
3055,亮起,1
3056,装饰品,1
3057,前租,1
3058,服装,1
3059,化妆,1
3060,太紧张,1
3061,起风,1
3062,带件,1
3063,外套,1
3064,一头雾水,1
3065,没敢,1
3066,小包,1
3067,碰头,1
3068,人工,1
3069,电子设备,1
3070,获取,1
3071,藏历,1
3072,新年,1
3073,孙导边,1
3074,走边,1
3075,二千,1
3076,多公里,1
3077,芳容,1
3078,高耸入云,1
3079,鲜艳夺目,1
3080,数不胜数,1
3081,牧民,1
3082,建设,1
3083,班禅,1
3084,挂饰,1
3085,怕人,1
3086,不快不慢,1
3087,秋高气爽,1
3088,碧蓝,1
3089,碧日,1
3090,提个醒,1
3091,分批,1
3092,当初,1
3093,八点,1
3094,订到,1
3095,找人,1
3096,赤诚,1
3097,先有,1
3098,再有,1
3099,不诉,1
3100,悲凉,1
3101,只求,1
3102,嘴里,1
3103,不息,1
3104,半山腰,1
3105,可买,1
3106,简单明了,1
3107,调动,1
3108,胡点,1
3109,这会,1
3110,维护,1
3111,清净,1
3112,门卫,1
3113,阴阳怪气,1
3114,广西南宁,1
3115,滇藏线,1
3116,物价,1
3117,揭开,1
3118,面纱,1
3119,抱路,1
3120,下楼,1
3121,混入,1
3122,贴着,1
3123,蛮无语,1
3124,进不来,1
3125,厕所,1
3126,蕴含着,1
3127,憾事,1
3128,坐上,1
3129,必经之地,1
3130,头号,1
3131,七八,1
3132,月份,1
3133,票源,1
3134,远近,1
3135,各处,1
3136,摧残,1
3137,谦和,1
3138,走遍,1
3139,繁琐,1
3140,门外,1
3141,不符,1
3142,正值,1
3143,十月初,1
3144,殊胜,1
3145,无二,1
3146,仁者见仁,1
3147,智者见智,1
3148,大力,1
3149,八天,1
3150,之内,1
3151,将近,1
3152,宫是,1
3153,无可比拟,1
3154,顶流,1
3155,置身,1
3156,历史长河,1
3157,一对一,1
3158,英明,1
3159,那永西,1
3160,陕西,1
3161,学院,1
3162,科班出身,1
3163,几十年,1
3164,姿深,1
3165,小婷,1
3166,前天,1
3167,交待,1
3168,428,1
3169,休假,1
3170,为省,1
3171,心力,1
3172,日买,1
3173,供应商,1
3174,对方,1
3175,1940,1
3176,电话响,1
3177,上布宫,1
3178,856,1
3179,全退,1
3180,退一人,1
3181,保全,1
3182,事宜,1
3183,418,1
3184,针对,1
3185,越做越,1
3186,优化,1
3187,省得,1
3188,喜不喜欢,1
3189,别处,1
3190,展现,1
3191,这首,1
3192,涨到,1
3193,囊中羞涩,1
3194,几大,1
3195,最低,1
3196,更长,1
3197,搜索,1
3198,林廓,1
3199,中段,1
3200,交叉口,1
3201,指南,1
3202,左转,1
3203,小贴士,1
3204,脚架,1
3205,星芒,1
3206,图四,1
3207,带张,1
3208,五八,1
3209,多带,1
3210,几瓶,1
3211,水去,1
3212,图九,1
3213,黄昏,1
3214,意境,1
3215,图七,1
3216,偶然,1
3217,离得,1
3218,马卡鲁厅,1
3219,图三,1
3220,香巴拉,1
3221,吃火锅,1
3222,凉风习习,1
3223,不全,1
3224,实用,1
3225,预防,1
3226,摆正,1
3227,端正,1
3228,人高,1
3229,反是,1
3230,可怕,1
3231,第一晚,1
3232,洗澡,1
3233,抢到,1
3234,套路,1
3235,318,1
3236,领好,1
3237,交代,1
3238,阅历,1
3239,受用,1
3240,怎能不,1
3241,很多很多,1
3242,试试,1
3243,明没约,1
3244,我要,1
3245,结都会,1
3246,方物,1
3247,全力,1
3248,祖蓝靠,1
3249,往上爬,1
3250,刚刚,1
3251,阿拉比,1
3252,值回,1
3253,王先生,1
3254,礼拜,1
3255,菜市,1
3256,中华文明,1
3257,光耀,1
3258,无时无刻,1
3259,特意,1
3260,一堂,1
3261,ps,1
3262,较窄,1
3263,心肺,1
3264,室外,1
3265,慧慧,1
3266,故事性,1
3267,很耐,1
3268,来历,1
3269,旅行者,1
3270,极小,1
3271,解说词,1
3272,顶点,1
3273,讲故事,1
3274,令人惊叹,1
3275,张祖恒,1
3276,四位,1
3277,专业培训,1
3278,封建迷信,1
3279,寂寞,1
3280,中游,1
3281,第三集,1
3282,照本宣科,1
3283,健谈,1
3284,七到,1
3285,超长,1
3286,既有,1
3287,出错,1
3288,名族,1
3289,较长,1
3290,很多遍,1
3291,梳理,1
3292,复习,1
3293,知识点,1
3294,同组,1
3295,追上去,1
3296,小费,1
3297,到来,1
3298,十几年,1
3299,那句,1
3300,魂牵梦绕,1
3301,带走,1
3302,查阅,1
3303,深为,1
3304,之美,1
3305,之静美,1
3306,发出,1
3307,亲手,1
3308,编织,1
3309,开过,1
3310,80%,1
3311,功劳,1
3312,归于,1
3313,大打折扣,1
3314,很久,1
3315,销量,1
3316,紫金花,1
3317,没约,1
3318,赔偿,1
3319,闲鱼,1
3320,上花,1
3321,780,1
3322,退单,1
3323,每名,1
3324,各个,1
3325,眼花缭乱,1
3326,尽业,1
3327,想象力,1
3328,感知,1
3329,口干舌燥,1
3330,赞叹,1
3331,真棒,1
3332,三十块,1
3333,强买强卖,1
3334,装观,1
3335,王瀚,1
3336,城区,1
3337,问要,1
3338,大好河山,1
3339,国庆节,1
3340,强大,1
3341,中国共产党,1
3342,习近平,1
3343,总书记,1
3344,窗外,1
3345,皓月当空,1
3346,山麓,1
3347,鸣虫们,1
3348,繁密,1
3349,吟唱,1
3350,温静,1
3351,祥和,1
3352,繁荣,1
3353,成长,1
3354,小友,1
3355,极深,1
3356,慧根,1
3357,摆脱,1
3358,流风,1
3359,浸染,1
3360,真谛,1
3361,鸣虫,1
3362,奥秘,1
3363,再学斗,1
3364,盆里,1
3365,剔翅扬须,1
3366,司马,1
3367,今年春节,1
3368,好处,1
3369,惯例,1
3370,几本书,1
3371,两件,1
3372,文创,1
3373,杯子,1
3374,20220611,1
3375,u200b1,1
3376,直达,1
3377,三大,1
3378,客流量,1
3379,票上,1
3380,标注,1
3381,战火,1
3382,u200b2,1
3383,一进,1
3384,迎客,1
3385,花坛,1
3386,两旁,1
3387,花团锦簇,1
3388,左手边,1
3389,妖娆,1
3390,左前方,1
3391,办公,1
3392,途径,1
3393,暂时,1
3394,停止,1
3395,良品,1
3396,黑糖,1
3397,含氧,1
3398,模型,1
3399,蜡像,1
3400,上网,1
3401,u200b3,1
3402,坑坑洼洼,1
3403,扣下来,1
3404,粉末,1
3405,拿回去,1
3406,泡水,1
3407,建国,1
3408,斜坡,1
3409,墙头,1
3410,复杂,1
3411,柳枝,1
3412,捆绑,1
3413,压实,1
3414,朱砂,1
3415,染红,1
3416,防震,1
3417,昂贵,1
3418,u200b4,1
3419,上方,1
3420,帘子,1
3421,牦牛,1
3422,遇水则,1
3423,密不透风,1
3424,冬暖夏凉,1
3425,矿物,1
3426,提取,1
3427,褪色,1
3428,休整,1
3429,进发,1
3430,需再检,1
3431,u200b5,1
3432,寝宫,1
3433,会客厅,1
3434,会见,1
3435,陈毅,1
3436,元帅,1
3437,宝座,1
3438,用来,1
3439,存放,1
3440,尸体,1
3441,死后,1
3442,制成,1
3443,干尸,1
3444,御赐,1
3445,牌匾,1
3446,原件,1
3447,动用,1
3448,3721,1
3449,公斤,1
3450,万颗,1
3451,珠玉,1
3452,玛瑙,1
3453,释迦牟尼,1
3454,脑髓,1
3455,结石,1
3456,全城,1
3457,边缘,1
3458,回味,1
3459,u200b6,1
3460,单向,1
3461,岔路,1
3462,回头路,1
3463,出宫,1
3464,但会,1
3465,最上层,1
3466,用时,1
3467,秋冬季,1
3468,布宫免,1
3469,绝佳,1
3470,选购,1
3471,张祖,1
3472,扩展,1
3473,乐于,1
3474,恼怒,1
3475,夏导,1
3476,令人难忘,1
3477,小高,1
3478,日照,1
3479,中暑,1
3480,指导,1
3481,监督,1
3482,每组,1
3483,老弱,1
3484,想到,1
3485,带头,1
3486,之好,1
3487,這是,1
3488,現在,1
3489,保護,1
3490,靠近,1
3491,有安檢,1
3492,专业知识,1
3493,理所应当,1
3494,歉意,1
3495,黑名单,1
3496,烈日炎炎,1
3497,天热,1
3498,多喝水,1
3499,大大的,1
3500,亲力亲为,1
3501,来不及,1
3502,走强,1
3503,受益,1
3504,斤斤计较,1
3505,因有,1
3506,自已,1
3507,APP,1
3508,肃然起敬,1
3509,只用,1
3510,美来,1
3511,词穷,1
3512,与众不同,1
3513,饮食,1
3514,人生道路,1
3515,无数次,1
3516,修正,1
3517,必选,1
3518,幽蓝,1
3519,星河,1
3520,斗转星移,1
3521,鞭马草,1
3522,不腐,1
3523,不虫,1
3524,泼出来,1
3525,一观,1
3526,王老师,1
3527,很准,1
3528,能看懂,1
3529,比心,1
3530,U0001faf0,1
3531,挺帅,1
3532,极力推荐,1
3533,很涨,1
3534,广博,1
3535,很辣,1
3536,早早,1
3537,娃娃,1
3538,不必要,1
3539,省时,1
3540,魂牵梦萦,1
3541,放眼望去,1
3542,瞠目结舌,1
3543,小意思,1
3544,千座,1
3545,宫室,1
3546,旅添,1
3547,一笔,1
3548,千里,1
3549,喜爱,1
3550,古今,1
3551,往来,1
3552,新旧,1
3553,王導,1
3554,小冯,1
3555,情绪,1
3556,灵气,1
3557,陶醉,1
3558,来布,1
3559,宫人,1
3560,难免,1
3561,匆忙,1
3562,细品,1
3563,卖力,1
3564,联系方式,1
3565,精准,1
3566,特别感谢,1
3567,背书,1
3568,肚子,1
3569,姐点,1
3570,熟练,1
3571,评为,1
3572,二人,1
3573,再者,1
3574,后天,1
3575,咨询服务,1
3576,改进,1
3577,AI,1
3578,超度,1
3579,大叔,1
3580,规矩,1
3581,高雅,1
3582,观光,1
3583,45,1
3584,大于,1
3585,期望,1
3586,很洋细,1
3587,负担,1
3588,必入,1
3589,寺宇,1
3590,浩大,1
3591,至今已有,1
3592,一是,1
3593,二是,1
3594,厚为,1
3595,PS,1
3596,完在文,1
3597,喝杯,1
3598,咖啡,1
3599,发呆,1
3600,偷笑,1
3601,之北,1
3602,不已,1
3603,有红宫,1
3604,观察,1
3605,夜里,1
3606,对团友,1
3607,关照,1
3608,三喘,1
3609,三观,1
3610,仅限于,1
3611,系统性,1
3612,逛一逛,1
3613,十一年,1
3614,一刻,1
3615,停歇,1
3616,定个,1
3617,小岑,1
3618,山河,1
3619,皇冠,1
3620,一团,1
3621,勇往直前,1
3622,讲述,1
3623,表示,1
3624,我门,1
3625,完完全全,1
3626,越来越少,1
3627,水评,1
3628,点位,1
3629,开头,1
3630,结尾,1
3631,描述,1
3632,贵点,1
3633,无可挑剔,1
3634,小孙,1
3635,我带,1
3636,没来,1
3637,火车站,1
3638,马路,1
3639,走下,1
3640,进进出出,1
3641,要么,1
3642,停车费,1
3643,过夜,1
3644,交通管制,1
3645,绕行,1
3646,点过,1
3647,天黑,1
3648,诗里,1
3649,总以为,1
3650,转身,1
3651,罢了,1
3652,凡尘,1
3653,十字路口,1
3654,一条条,1
3655,拜佛,1
3656,身影,1
3657,叩首,1
3658,匍匐,1
3659,脸上,1
3660,劳顿,1
3661,衣衫,1
3662,浮尘,1
3663,不住,1
3664,眼中,1
3665,闪烁着,1
3666,之光,1
3667,广阔,1
3668,73,1
3669,赶到,1
3670,侯导,1
3671,关心体贴,1
3672,94,1
3673,而今,1
3674,谭哥,1
3675,听懂,1
3676,参访,1
3677,深度,1
3678,似火,1
3679,外加,1
3680,不购,1
3681,点半到,1
3682,守护者,1
3683,保护者,1
3684,一砖一瓦,1
3685,每件,1
3686,高难度,1
3687,两趟,1
3688,科学,1
3689,治理,1
3690,很亲,1
3691,名叫,1
3692,贾导,1
3693,简洁,1
3694,加满,1
3695,环节,1
3696,接待客人,1
3697,乘兴而来,1
3698,买水,1
3699,珞珈,1
3700,普陀山,1
3701,道场,1
3702,转动,1
3703,而行,1
3704,选他,1
3705,免费参观,1
3706,个屋,1
3707,难怪,1
3708,建立,1
3709,牺牲,1
3710,奉献,1
3711,引人深思,1
3712,小杜微,1
3713,善心,1
3714,大美女,1
3715,小游带,1
3716,爸妈,1
3717,半路,1
3718,一点点,1
3719,配以,1
3720,仔细听讲,1
3721,小伙儿,1
3722,五天,1
3723,死角,1
3724,适中,1
3725,陈导人,1
3726,风景优美,1
3727,不大,1
3728,叫车,1
3729,大雨,1
3730,电点,1
3731,话语,1
3732,大开眼界,1
3733,蒋平,1
3734,圆脸,1
3735,爱心,1
3736,付出,1
3737,修养,1
3738,公德心,1
3739,维持,1
3740,秩序,1
3741,中途,1
3742,有快有慢,1
3743,口才好,1
3744,体贴,1
3745,小喻,1
3746,不信,1
3747,累是,1
3748,趁早,1
3749,最优,1
3750,预选,1
3751,挺费,1
3752,多有,1
3753,直上直下,1
3754,幼童,1
3755,入手,1
3756,顾虑到,1
3757,fx,1
3758,放心使用,1
3759,简洁明了,1
3760,親子,1
3761,李導,1
3762,詳細解,1
3763,這趟,1
3764,滿足,1
3765,亲民,1
3766,贵些,1
3767,本地人,1
3768,开森,1
3769,红墙,1
3770,慎摸,1
3771,掉色,1
3772,一洗,1
3773,别弄,1
3774,过不去,1
3775,拦住,1
3776,经典之作,1
3777,不慢,1
3778,彩条,1
3779,单出,1
3780,沉重感,1
3781,儿童票,1
3782,嘿嘿,1
3783,布公,1
3784,人文地理,1
3785,军嫂,1
3786,带得,1
3787,好贵,1
3788,送给,1
3789,质感,1
3790,费劲,1
3791,万卷书,1
3792,行万里路,1
3793,very,1
3794,大多数,1
3795,陈导超,1
3796,全方位,1
3797,少点,1
3798,奇妙,1
3799,一上午,1
3800,来个,1
3801,整趟,1
3802,最值,1
3803,多亏,1
3804,强推,1
3805,负责人,1
3806,透出,1
3807,甜美,1
3808,不乏,1
3809,情怀,1
3810,路径,1
3811,太窄,1
3812,千里迢迢,1
3813,创店,1
3814,完收,1
3815,积分,1
3816,不要脸,1
3817,全成,1
3818,达籁,1
3819,天前,1
3820,南大门,1
3821,再验,1
3822,号线票,1
3823,再过,1
3824,楼梯口,1
3825,验票,1
3826,区分,1
3827,今非昔比,1
3828,大半天,1
3829,费心,1
3830,遇上,1
3831,亲近,1
3832,饱含,1
3833,资深,1
3834,收益,1
3835,清瘦,1
3836,文静,1
3837,脍炙人口,1
3838,意中人,1
3839,若能成,1
3840,终身伴侣,1
3841,从大,1
3842,海底,1
3843,措是,1
3844,尊崇,1
3845,时光流逝,1
3846,首批,1
3847,土木建筑,1
3848,一身,1
3849,身处,1
3850,毅然决然,1
3851,奔赴,1
3852,外边,1
3853,内存,1
3854,逛下来,1
3855,琳琅满目,1
3856,阴森恐怖,1
3857,不难想像,1
3858,水深火热,1
3859,如需,1
3860,可网,1
3861,如不需,1
3862,布面,1
3863,宜以,1
3864,宫以,1
3865,要果,1
3866,起源,1
3867,雕塑,1
3868,眼界,1
3869,大开,1
3870,政策,1
3871,试行,1
3872,七天,1
3873,装个,1
3874,便携,1
3875,吃点,1
3876,有利于,1
3877,放慢,1
3878,火具,1
3879,火机,1
3880,火柴,1
3881,触碰,1
3882,抚摸,1
3883,带帽,1
3884,女士们,1
3885,平心静气,1
3886,时要,1
3887,大众,1
3888,独辟蹊径,1
3889,逆流,1
3890,八折,1
3891,花园里,1
3892,鲜花,1
3893,盛开,1
3894,高高,1
3895,讲鲜,1
3896,成就,1
3897,举世瞩目,1
3898,过大,1
3899,有效,1
3900,减轻,1
3901,体重,1
3902,红头文件,1
3903,几月份,1
3904,实施,1
3905,暂无,1
3906,定论,1
3907,尽快,1
3908,策划,1
3909,险峻,1
3910,金银财宝,1
3911,大师,1
3912,必有,1
3913,正因如此,1
3914,更会,1
3915,参观券,1
3916,最晚,1
3917,一个半,1
3918,唐卡于,1
3919,瓷器,1
3920,售票口,1
3921,渺茫,1
3922,求助于,1
3923,高手,1
3924,劳务费,1
3925,满怀,1
3926,经幡,1
3927,三种,1
3928,更大,1
3929,小学,1
3930,课本上,1
3931,三千米,1
3932,站台,1
3933,地下通道,1
3934,发售,1
3935,贩卖,1
3936,开价,1
3937,谢绝,1
3938,封死,1
3939,随大流,1
3940,往上,1
3941,不惯,1
3942,灭灯,1
3943,植物,1
3944,挺大味,1
3945,有太大,1
3946,清明,1
3947,长假,1
3948,自行安排,1
3949,可想而知,1
3950,当即,1
3951,小伙,1
3952,宝贵,1
3953,遗产,1
3954,对宫,1
3955,长裙,1
3956,不许,1
3957,帽子,1
3958,宫外,1
3959,走廊,1
3960,防晒霜,1
3961,紫外线,1
3962,强度,1
3963,留意,1
3964,子弟,1
3965,汉人,1
3966,只排,1
3967,歌舞,1
3968,大餐,1
3969,入去,1
3970,省下,1
3971,停留时间,1
3972,慢慢来,1
3973,五十分钟,1
3974,合伙,1
3975,除非,1
3976,上落,1
3977,根本就是,1
3978,中餐,1
3979,有效证件,1
3980,黄黑,1
3981,多个,1
3982,坚定,1
3983,长袖,1
3984,破洞,1
3985,貌似,1
3986,殿后,1
3987,脱帽,1
3988,摘掉,1
3989,换些,1
3990,一毛,1
3991,五毛,1
3992,银行,1
3993,小贩,1
3994,换要,1
3995,加十到,1
3996,二十,1
3997,多换些,1
3998,投币,1
3999,一块钱,1
4000,变革,1
4001,柔情,1
4002,雨季,1
4003,严寒,1
4004,旅游区,1
4005,较大,1
4006,一般来说,1
4007,气温,1
4008,寒冷,1
4009,比较而言,1
4010,多雨,1
4011,冰雹,1
4012,下要,1
4013,308,1
4014,炒到,1
4015,700,1
4016,800,1
4017,青稞,1
4018,面粉,1
4019,至上而下,1
4020,泼制,1
4021,舌头,1
4022,舔着,1
4023,顶梁,1
4024,百玛,1
4025,草盖成,1
4026,地板,1
4027,特有,1
4028,土经,1
4029,挤压,1
4030,打磨,1
4031,防滑,1
4032,半道,1
4033,藏家,1
4034,帮扎,1
4035,辫子,1
4036,一根,1
4037,一丛丛,1
4038,格桑花,1
4039,缩小,1
4040,树林,1
4041,个人感觉,1
4042,镜台,1
4043,爱好者,1
4044,听人,1
4045,出其,1
4046,焕发,1
4047,勃勃生机,1
4048,别有,1
4049,总让,1
4050,每当,1
4051,夜幕降临,1
4052,照明,1
4053,开启,1
4054,光怪陆离,1
4055,梦幻般,1
4056,相映成趣,1
4057,佛如,1
4058,画卷,1
4059,两座,1
4060,地下,1
4061,齐放,1
4062,五彩缤纷,1
4063,光彩,1
4064,香港,1
4065,預約布,1
4066,宮票,1
4067,門票,1
4068,500,1
4069,從公園,1
4070,已經,1
4071,轉經筒,1
4072,壯觀,1
4073,並不,1
4074,預約,1
4075,時間,1
4076,一小,1
4077,時開始,1
4078,進去,1
4079,有點,1
4080,金塔,1
4081,還有,1
4082,壁畫,1
4083,建築,1
4084,結構,1
4085,細節,1
4086,驚嘆,1
4087,提議,1
4088,一種,1
4089,好久好久,1
4090,心头,1
4091,激荡,1
4092,顶呱呱,1
4093,小蒋,1
4094,赞成,1
4095,高大雄伟,1
4096,基本功,1
4097,扎实,1
4098,明天,1
4099,我涨,1
4100,行前,1
4101,超时,1
4102,小美女,1
4103,好心,1
4104,边巴,1
4105,不错呀,1
4106,没好,1
4107,比入园,1
4108,加工资,1
4109,学好,1
4110,Nice,1
4111,微笑服务,1
4112,导游词,1
4113,非富,1
4114,狗狗,1
4115,戴假发,1
4116,竣工,1
4117,国际,1
4118,广告节,1
4119,一枚,1
4120,不但,1
4121,专业人士,1
4122,带人,1
4123,热情洋溢,1
4124,帮着,1
4125,推介,1
4126,将解,1
4127,亲友,1
4128,索朗次,1
4129,仁人,1
4130,而言,1
4131,诧异,1
4132,杰出代表,1
4133,之作,1
4134,重迭,1
4135,分部,1
4136,合筑,1
4137,层层,1
4138,套接,1
4139,型体,1
4140,远离,1
4141,喧嚣,1
4142,梦里,1
4143,放过,1
4144,安有,1
4145,双全,1
4146,如来,1
4147,所起,1
4148,一往而深,1
4149,所止,1
4150,百转千回,1
4151,方向盘,1
4152,在手,1
4153,征途,1
4154,未曾,1
4155,好似,1
4156,此刻,1
4157,莽撞,1
4158,少年,1
4159,不惑,1
4160,天际,1
4161,开着车,1
4162,聊着,1
4163,打一壶,1
4164,聊聊,1
4165,地狱,1
4166,故乡,1
4167,过期,1
4168,他会,1
4169,大事,1
4170,歌词,1
4171,年少,1
4172,轻狂,1
4173,16,1
4174,不愈,1
4175,诗酒,1
4176,年华,1
4177,别急,1
4178,出场,1
4179,顺序,1
4180,它会,1
4181,响起,1
4182,一方,1
4183,韶华,1
4184,便误,1
4185,终身,1
4186,纵使,1
4187,踏遍,1
4188,千山万水,1
4189,一渡,1
4190,丈量,1
4191,失去,1
4192,23,1
4193,好极了,1
4194,认真仔细,1
4195,准备充分,1
4196,邮导,1
4197,杨姐,1
4198,敏敢,1
4199,声音笑貌,1
4200,杨姐姐,1
4201,热评,1
4202,游姓,1
4203,逐一,1
4204,曾导,1
4205,达宫,1
4206,小样,1
4207,阔以,1
4208,讲课,1
4209,敬责,1
4210,看够,1
4211,小潭,1
4212,及务,1
4213,领导,1
4214,开眼界,1
4215,舒畅,1
4216,1234567,1
4217,纤细,1
4218,好开心,1
4219,導遊講,1
4220,蔚蓝,1
4221,顿觉,1
4222,空灵,1
4223,qqqqqq,1
4224,123456,1
4225,五好,1
4226,阴郁,1
4227,要选,1
4228,夜光,1
4229,李人,1
4230,谭人,1
4231,蔣导,1
4232,感谢您,1
4233,66666,1
4234,极佳,1
4235,超超,1
4236,超超棒,1
4237,演讲,1
4238,可亲,1
4239,鲜明,1
4240,别说,1
4241,趣事,1
4242,实名,1
4243,远程,1
4244,登录,1
4245,身份,1
4246,效率,1
4247,整改,1
4248,好多年,1
4249,无法形容,1
4250,相比,1
4251,三八,1
4252,二元,1
4253,成都,1
4254,川西,1
4255,正在,1
4256,目标,1
4257,备斗,1
4258,米处,1
4259,庭院,1
4260,有大床,1
4261,双床,1
4262,豪华,1
4263,套房,1
4264,家庭,1
4265,榻榻米,1
4266,三床,1
4267,夏季,1
4268,雪峰,1
4269,地道,1
4270,日暖,1
4271,平均气温,1
4272,十度,1
4273,翻修,1
4274,下风,1
4275,免得,1
4276,尴尬,1
4277,特殊人群,1
4278,学生,1
4279,讲究,1
4280,单人,1
4281,三百,1
4282,讲价,1
4283,美在,1
4284,超然,1
4285,霞光,1
4286,万丈,1
4287,沾染,1
4288,俗世,1
4289,尘埃,1
4290,静谧,1
4291,诉说着,1
4292,一元,1
4293,哑巴,1
4294,婚纱,1
4295,视觉效果,1
4296,降价,1
4297,深切,1
4298,民族风情,1
4299,新鲜感,1
4300,活着,1
4301,祷告,1
4302,朴素,1
4303,道理,1
4304,郭导点,1
4305,尽可能,1
4306,自豪感,1
4307,向西,1
4308,艰苦,1
4309,旅游胜地,1
4310,美丽动人,1
4311,水天一色,1
4312,加入,1
4313,几百年,1
4314,顺着,1
4315,走回头路,1
4316,挤拥,1
4317,金黄色,1
4318,闪耀,1
4319,形成,1
4320,散发,1
4321,追溯到,1
4322,佛殿,1
4323,经堂,1
4324,深邃,1
4325,僧侣,1
4326,默默,1
4327,念诵,1
4328,高处,1
4329,相互辉映,1
4330,日出,1
4331,日落时分,1
4332,广泛,1
4333,修复,1
4334,保护措施,1
4335,原汁原味,1
4336,带给,1
4337,最有,1
4338,第一名,1
4339,心急,1
4340,边玩,1
4341,内部结构,1
4342,群等,1
4343,登高望远,1
4344,尽收眼底,1
4345,一千多年,1
4346,心动,1
4347,出嫁,1
4348,融进,1
4349,大兴土木,1
4350,存有,1
4351,金鼎,1
4352,计量,1
4353,多住,1
4354,也罢,1
4355,不缓,1
4356,顿感,1
4357,杜小魚,1
4358,溫柔,1
4359,恍如梦境,1
4360,丰碑,1
4361,身材,1
4362,瘦小,1
4363,听得出来,1
4364,面面俱到,1
4365,难题,1
4366,盘点,1
4367,桃花,1
4368,整理出来,1
4369,八廊,1
4370,车水马龙,1
4371,用到,1
4372,我用,1
4373,180,1
4374,f2.8,1
4375,局限,1
4376,最靠近,1
4377,路牌,1
4378,阻拦,1
4379,玻璃,1
4380,路面,1
4381,走动,1
4382,拍糊,1
4383,水泥,1
4384,镜湖,1
4385,没风,1
4386,有风,1
4387,减光,1
4388,滤镜,1
4389,导航,1
4390,生态园,1
4391,带面,1
4392,镜子,1
4393,侧面,1
4394,吉仓日,1
4395,追寺,1
4396,艰难,1
4397,要开,1
4398,泥土,1
4399,石子,1
4400,盘山公路,1
4401,护栏,1
4402,动力,1
4403,车技,1
4404,别去,1
4405,最网,1
4406,1360,1
4407,一晚,1
4408,320,1
4409,陌生,1
4410,南门,1
4411,后于,1
4412,正门口,1
4413,好找,1
4414,百度,1
4415,氧气罐,1
4416,易燃易爆,1
4417,旗帜,1
4418,私人,1
4419,保温杯,1
4420,带入,1
4421,学校,1
4422,课本,1
4423,不及,1
4424,仰视,1
4425,杰作,1
4426,如果说,1
4427,山前,1
4428,山后,1
4429,林卡,1
4430,园林,1
4431,龙王,1
4432,园林建筑,1
4433,头疼,1
4434,坐飞机,1
4435,走不动,1
4436,确确实实,1
4437,独处,1
4438,讨厌,1
4439,束缚,1
4440,渴望,1
4441,日本,1
4442,作者,1
4443,春上,1
4444,村树,1
4445,书里,1
4446,校园,1
4447,电车,1
4448,咖啡店,1
4449,酒吧,1
4450,图书馆,1
4451,爱看,1
4452,挪威,1
4453,森林,1
4454,直子,1
4455,思想,1
4456,倾向,1
4457,渡边,1
4458,国境,1
4459,以南,1
4460,以西,1
4461,说不出,1
4462,占地,1
4463,余万平方米,1
4464,数千,1
4465,严谨,1
4466,错落有致,1
4467,工匠,1
4468,新型,1
4469,冠状病毒,1
4470,感染,1
4471,肺炎,1
4472,防控,1
4473,日起,1
4474,闭馆,1
4475,恢复,1
4476,另行通知,1
4477,管理处,1
4478,淘宝,1
4479,春游,1
4480,形式,1
4481,地址,1
4482,城关区,1
4483,中路,1
4484,35,1
4485,有感,1
4486,----,1
4487,秋季,1
4488,桂花香,1
4489,染成,1
4490,尘世,1
4491,俗艳,1
4492,流淌,1
4493,蜿蜒,1
4494,迤逦,1
4495,汹涌,1
4496,舒卷,1
4497,云絮,1
4498,亘古,1
4499,敬慕,1
4500,高墙,1
4501,流转,1
4502,大多,1
4503,空间,1
4504,无涉,1
4505,有恒,1
4506,之感,1
4507,开天辟地,1
4508,伫立,1
4509,旷古,1
4510,无言,1
4511,金戈铁马,1
4512,人事,1
4513,蹉跎,1
4514,世代,1
4515,易主,1
4516,石头,1
4517,毫发,1
4518,闭上眼睛,1
4519,绿植成,1
4520,坐下,1
4521,铃声,1
4522,闻到,1
4523,弥漫,1
4524,每一寸,1
4525,恍惚,1
4526,经年,1
4527,光阴,1
4528,不曾,1
4529,将魂,1
4530,留在,1
4531,看似,1
4532,上班,1
4533,下班,1
4534,睡觉,1
4535,已然,1
4536,一棵,1
4537,树皮,1
4538,树冠,1
4539,枝头,1
4540,绽出,1
4541,新绿,1
4542,看得见,1
4543,粗大,1
4544,树桩,1
4545,钻进来,1
4546,雨落,1
4547,呼喊,1
4548,吞下,1
4549,滚烫,1
4550,一朵,1
4551,吸饱,1
4552,硕大,1
4553,花朵,1
4554,倏忽,1
4555,拙见,1
4556,半月,1
4557,快要,1
4558,真切,1
4559,不舍,1
4560,闲适,1
4561,那首,1
4562,歌曲,1
4563,冲动,1
4564,顾虑,1
4565,终究,1
4566,敌不过,1
4567,诱惑,1
4568,崇拜,1
4569,行都,1
4570,必玩,1
4571,售出,1
4572,两者,1
4573,越早,1
4574,越能,1
4575,买到,1
4576,票会,1
4577,面临,1
4578,风险,1
4579,几点,1
4580,坐车,1
4581,拉百站,1
4582,下车,1
4583,步行,1
4584,即可,1
4585,违规,1
4586,品会,1
4587,被扣,1
4588,核对,1
4589,第一组,1
4590,全团,1
4591,老老少少,1
4592,一百个,1
4593,画面,1
4594,记忆犹新,1
4595,一站,1
4596,爽歪歪,1
4597,限速,1
4598,野生动物,1
4599,一错再错,1
4600,足足,1
4601,催促,1
4602,往里面,1
4603,这事,1
4604,纷纷,1
4605,一百元,1
4606,换成,1
4607,干万,1
4608,当着,1
4609,译作,1
4610,由红宫,1
4611,举行,1
4612,宗教仪式,1
4613,活动场所,1
4614,典籍,1
4615,引人注目,1
4616,以来,1
4617,八座,1
4618,西南侧,1
4619,湖畔,1
4620,三处,1
4621,独有,1
4622,灵柩,1
4623,摆放,1
4624,散布,1
4625,顶子,1
4626,玛步,1
4627,名望,1
4628,太有,1
4629,真真是,1
4630,口音,1
4631,意蕴,1
4632,做个,1
4633,初步,1
4634,体味,1
4635,危险物品,1
4636,诱发,1
4637,奥默牌,1
4638,蓝养片,1
4639,登布,1
4640,宫前,1
4641,胸闷,1
4642,头晕,1
4643,找找看,1
4644,团人,1
4645,小鱼,1
4646,20%,1
4647,一遍,1
4648,糟糕,1
4649,打瞌睡,1
4650,常年,1
4651,香火不断,1
4652,起到,1
4653,聚集地,1
4654,世界观,1
4655,平原,1
4656,稀世珍宝,1
4657,中叶,1
4658,唐太宗,1
4659,李世民,1
4660,缘何,1
4661,巩固政权,1
4662,山南,1
4663,泽当,1
4664,迁至,1
4665,防御,1
4666,外来,1
4667,侵略,1
4668,最早,1
4669,称谓,1
4670,大唐,1
4671,此宫,1
4672,推算,1
4673,法王,1
4674,搭理,1
4675,尽情,1
4676,念头,1
4677,蕴含,1
4678,未解,1
4679,之谜,1
4680,直到,1
4681,想过,1
4682,哪怕,1
4683,气候,1
4684,称之为,1
4685,禁区,1
4686,畏途,1
4687,素有,1
4688,极限,1
4689,之称,1
4690,由此可见,1
4691,4.4,1
4692,夯土,1
4693,砌筑,1
4694,砖石,1
4695,西侧,1
4696,三层,1
4697,门楼,1
4698,东南,1
4699,角楼,1
4700,包围,1
4701,范围,1
4702,全都,1
4703,传言,1
4704,真是假,1
4705,储存,1
4706,但据,1
4707,专家,1
4708,保守,1
4709,一听,1
4710,数字,1
4711,多公斤,1
4712,多亿,1
4713,风吹日晒,1
4714,受损,1
4715,最新,1
4716,大修,1
4717,花费,1
4718,3120,1
4719,万元,1
4720,专项资金,1
4721,修缮,1
4722,远高于,1
4723,日山,1
4724,珍贵文物,1
4725,器物,1
4726,有红,1
4727,搭配,1
4728,气派,1
4729,至极,1
4730,2015,1
4731,眺望,1
4732,挑个,1
4733,好点,1
4734,内里,1
4735,兜里,1
4736,大钞,1
4737,西部,1
4738,第三级,1
4739,应有尽有,1
4740,App,1
4741,两种,1
4742,事故,1
4743,承诺,1
4744,任何理由,1
4745,宛如,1
4746,洁净,1
4747,可见,1
4748,男女老少,1
4749,建筑装修,1
4750,惊呆,1
4751,精心,1
4752,现代,1
4753,匹敌,1
4754,向往已久,1
4755,脚触,1
4756,这块,1
4757,飘飘欲仙,1
4758,杂念,1
4759,世世代代,1
4760,熄灭,1
4761,轻轻地,1
4762,扶过,1
4763,深紫色,1
4764,千百年来,1
4765,绵延不断,1
4766,诵经声,1
4767,耗费,1
4768,规模宏大,1
4769,图腾,1
4770,遥远,1
4771,旅者,1
4772,卓嘎,1
4773,小团导,1
4774,团内,1
4775,动向,1
4776,饿肚子,1
4777,节点,1
4778,妥善处理,1
4779,返程,1
4780,必经之路,1
4781,道别,1
4782,暖洋洋,1
4783,工程,1
4784,施工人员,1
4785,作业,1
4786,联合国,1
4787,纳入,1
4788,无需,1
4789,多言,1
4790,如洗,1
4791,悉心照料,1
4792,两位,1
4793,思路清晰,1
4794,深刻印象,1
4795,趋之若鹜,1
4796,威峨,1
4797,带旗,1
4798,路盲,1
4799,不愧为,1
4800,晨曦,1
4801,无多大,1
4802,需不需要,1
4803,这时候,1
4804,团餐,1
4805,带你去,1
4806,购物点,1
4807,会收,1
4808,退团,1
4809,另交,1
4810,慎重考虑,1
4811,梦中,1
4812,走遍全国,1
4813,年代,1
4814,二十年,1
4815,历史课,1
4816,佛家,1
4817,当成,1
4818,终极目标,1
4819,震惊,1
4820,不为人知,1
4821,念念,1
4822,启程,1
4823,广州,1
4824,经停,1
4825,上空,1
4826,那段,1
4827,市中心,1
4828,点赞张,1
4829,知识性,1
4830,圣贤,1
4831,挺拔,1
4832,交错,1
4833,灯火辉煌,1
4834,交相辉映,1
4835,表述,1
4836,超凡,1
4837,第三十三代,1
4838,创建,1
4839,占地面积,1
4840,万平方米,1
4841,言非虚,1
4842,经纶,1
4843,参与,1
4844,神圣感,1
4845,不能平静,1
4846,分红,1
4847,几千年,1
4848,大宫,1
4849,言行举止,1
4850,精细,1
4851,冬日,1
4852,暖阳下,1
4853,良心,1
4854,是非,1
4855,所住,1
4856,不远,1
4857,十元,1
4858,起步价,1
4859,九点半,1
4860,蜂拥,1
4861,转圈,1
4862,不需,1
4863,随到,1
4864,随买,1
4865,稀少,1
4866,尽兴,1
4867,接着,1
4868,品尝,1
4869,七角,1
4870,种草,1
4871,过瘾,1
4872,周围环境,1
4873,人民广场,1
4874,各类,1
4875,巧夺天工,1
4876,退伍军人,1
4877,小孩儿,1
4878,深表,1
4879,东方,1
4880,一刹那,1
4881,美翻,1
4882,长见识,1
4883,限额,1
4884,并不多,1
4885,内地,1
4886,不可一世,1
4887,全市,1
4888,禁飞,1
4889,正对,1
4890,拍摄地,1
4891,那雄伟,1
4892,顿生,1
4893,宫中,1
4894,金壁辉煌,1
4895,美伦美,1
4896,这圣神,1
4897,市中心区,1
4898,色彩艳丽,1
4899,大个,1
4900,小声,1
4901,疑虑,1
4902,约定俗成,1
4903,不赶,1
4904,还教,1
4905,几句,1
4906,瑕疵,1
4907,结留作,1
4908,特产,1
4909,原本,1
4910,结后,1
4911,推销产品,1
4912,这点,1
4913,四百,1
4914,大洋,1
4915,古堡,1
4916,u0602,1
4917,所望,1
4918,截然不同,1
4919,照耀,1
4920,尤为,1
4921,防护,1
4922,有氧,1
4923,定义,1
4924,关系,1
4925,开阔眼界,1
4926,心胸,1
4927,大山,1
4928,大海,1
4929,风土人情,1
4930,说来,1
4931,事物,1
4932,看法,1
4933,所见,1
4934,添着,1
4935,香油,1
4936,耳边,1
4937,时不时,1
4938,传来,1
4939,声声,1
4940,入耳,1
4941,诵经,1
4942,厚达,1
4943,六十岁,1
4944,减半,1
4945,当场,1
4946,分成,1
4947,隐秘,1
4948,懂点,1
4949,解压,1
4950,不耐烦,1
4951,包团,1
4952,点会进,1
4953,发消息,1
4954,睡着,1
4955,消息,1
4956,前一晚,1
4957,不肯,1
4958,碰上,1
4959,两三天,1
4960,会到,1
4961,帮人,1
4962,大学生,1
4963,最具,1
4964,传奇色彩,1
4965,精髓,1
4966,来自,1
4967,长安,1
4968,姿态,1
4969,逐渐,1
4970,佛堂,1
4971,无可,1
4972,不准,1
4973,两千多个,1
4974,二十几,1
4975,想像中,1
4976,货真价实,1
4977,计算,1
4978,红宝石,1
4979,小碗,1
4980,感激,1
4981,关爱,1
4982,井然有序,1
4983,摆设,1
4984,绿色,1
4985,电器,1
4986,程度较高,1
4987,服务质量,1
4988,可靠,1
4989,给们,1
4990,叮嘱,1
4991,入内,1
4992,拿张,1
4993,历史博物馆,1
4994,好好学习,1
4995,耳目,1
4996,为之一新,1
4997,美极了,1
4998,今天上午,1
4999,游小婷,1
5000,特给,1
5001,99,1
5002,情能,1
5003,开导,1
5004,走入,1
5005,姐人,1
5006,线上,1
5007,起飞,1
5008,干扰,1
5009,老老实实,1
5010,柳树,1
5011,前景,1
5012,突出,1
5013,鲜艳,1
5014,色差,1
5015,次年,1
5016,台子上,1
5017,解开,1
5018,之迷,1
5019,房中,1
5020,一层层,1
5021,行过,1
5022,人去,1
5023,今次,1
5024,第三次,1
5025,优惠政策,1
5026,距离感,1
5027,好比,1
5028,1645,1
5029,重大,1
5030,仪式,1
5031,举办地,1
5032,历世,1
5033,革除,1
5034,八位,1
5035,高达,1
5036,14.85,1
5037,掠过,1
5038,惶恐,1
5039,相互交织,1
5040,美妙,1
5041,羊卓雍错,1
5042,湖泊,1
5043,散落,1
5044,山间,1
5045,耳坠,1
5046,连绵,1
5047,绝景,1
5048,喧闹,1
5049,仁龙巴,1
5050,极好,1
5051,溪流,1
5052,很近,1
5053,山脚下,1
5054,往返,1
5055,徒步,1
5056,4600,1
5057,狂野,1
5058,晶莹,1
5059,冰晶,1
5060,清凉,1
5061,雪水,1
5062,江南,1
5063,山光水色,1
5064,温润,1
5065,多变,1
5066,地形,1
5067,地貌,1
5068,雅鲁藏布江,1
5069,两岸,1
5070,更为,1
5071,江边,1
5072,细如,1
5073,白雪,1
5074,沙丘,1
5075,南迦巴瓦峰,1
5076,最深,1
5077,峡谷,1
5078,激情,1
5079,碰撞,1
5080,一瓶,1
5081,沦陷,1
5082,讲到,1
5083,别离,1
5084,动容,1
5085,打动,1
5086,心必,1
5087,积淀,1
5088,总面积,1
5089,万余平方米,1
5090,115.703,1
5091,样式,1
5092,最全,1
5093,专心,1
5094,增多,1
5095,目前为止,1
5096,蛮高,1
5097,门要,1
5098,最帅,1
5099,慕名而来,1
5100,小易,1
5101,代入,1
5102,态役,1
5103,游行,1
5104,多一些,1
5105,再会,1
5106,山势,1
5107,角落,1
5108,万里迢迢,1
5109,说不过去,1
5110,旅游者,1
5111,重游,1
5112,怀念,1
5113,闻着,1
5114,各色,1
5115,夹杂,1
5116,野史,1
5117,接地,1
5118,见过,1
5119,从此,1
5120,疯传,1
5121,人点,1
5122,点去,1
5123,昼夜,1
5124,温差,1
5125,短袖,1
5126,随处,1
5127,茶馆,1
5128,一磅,1
5129,爆棚,1
5130,大本营,1
5131,误会,1
5132,宫殿式,1
5133,尽心尽职,1
5134,惊世骇俗,1
5135,圆梦,1
5136,隆重,1
5137,会绕,1
5138,跪拜,1
5139,三排,1
5140,出乎,1
5141,意料,1
5142,带水,1
5143,一点儿,1
5144,命运,1
5145,三月,1
5146,神秘感,1
5147,一心,1
5148,触手可及,1
5149,小白,1
5150,卫生,1
5151,24,1
5152,供氧,1
5153,顶上,1
5154,崇敬,1
5155,幻想,1
5156,完全符合,1
5157,羊卓雍措,1
5158,天鹅,1
5159,羊卓雍湖,1
5160,通常,1
5161,简称,1
5162,助人,1
5163,蒋挺,1
5164,想念,1
5165,陈姓,1
5166,背对着,1
5167,一只,1
5168,捂着,1
5169,抹黑,1
5170,政治性,1
5171,震撼人心,1
5172,第三世界,1
5173,青藏线,1
5174,生畏,1
5175,坚信,1
5176,克服困难,1
5177,险阻,1
5178,罗布林卡,1
5179,奇花异草,1
5180,之奇,1
5181,受到冲击,1
5182,服饰,1
5183,与时俱进,1
5184,在世界上,1
5185,最无仅,1
5186,王家,1
5187,大婚,1
5188,赤尊,1
5189,不管怎样,1
5190,无疑,1
5191,阳西,1
5192,灯带,1
5193,射灯,1
5194,光柱,1
5195,地立,1
5196,通体,1
5197,刺眼,1
5198,闪烁,1
5199,绝不会,1
5200,忽视,1
5201,那座,1
5202,前有,1
5203,光泽,1
5204,塔下,1
5205,部有,1
5206,圆形,1
5207,进出,1
5208,解放后,1
5209,开辟,1
5210,道路,1
5211,一排,1
5212,转经用,1
5213,经手,1
5214,凸出,1
5215,把手,1
5216,边门,1
5217,这道,1
5218,半途而废,1
5219,之颠,1
5220,盛大,1
5221,游荡,1
5222,归西,1
5223,建在,1
5224,最负,1
5225,盛名,1
5226,群众,1
5227,投入,1
5228,无教,1
5229,因素,1
5230,一逛,1
5231,超出,1
5232,冷艳,1
5233,气质高雅,1
5234,吸引住,1
5235,免費,1
5236,太美丽,1
5237,一个集,1
5238,精美绝伦,1
5239,礼仪,1
5240,绝无仅有,1
5241,骑行,1
5242,学生会,1
5243,排号,1
5244,收集,1
5245,五点,1
5246,前到,1
5247,产物,1
5248,无憾,1
5249,难以想象,1
5250,养眼,1
5251,旅游观光,1
5252,为主,1
5253,哲学,1
5254,dd,1
5255,好过,1
5256,菩萨像,1
5257,小住,1
5258,待过,1
5259,的确,1
5260,七八次,1
5261,转悠,1
5262,养心,1
5263,闻名世界,1
5264,墙面,1
5265,大赞,1
5266,证件,1
5267,但票,1
5268,难订,1
5269,毛毛雨,1
5270,完美无瑕,1
5271,贡嘎机场,1
5272,亚朵,1
5273,反灵,1
5274,创新,1
5275,信号,1
5276,不进,1
5277,碰巧,1
5278,大力推广,1
5279,市场,1
5280,可订,1
5281,实名制,1
5282,真美,1
5283,前后左右,1
5284,没意思,1
5285,酝酿,1
5286,鼓足,1
5287,十二万分,1
5288,多角度,1
5289,点名,1
5290,一家子,1
5291,聆听,1
5292,随性,1
5293,很善,1
5294,夙愿,1
5295,桃花节,1
5296,赶着,1
5297,王丽娜,1
5298,愉悅,1
5299,服服贴贴,1
5300,生怕,1
5301,不可避免,1
5302,还暖心,1
5303,停车位,1
5304,分给,1
5305,幸好,1
5306,枉费,1
5307,这么久,1
5308,水墨,1
5309,半瓶,1
5310,拖时间,1
5311,气人,1
5312,控场,1
5313,观游,1
5314,长辈,1
5315,张德贤,1
5316,出门在外,1
5317,传世,1
5318,适当,1
5319,外景,1
5320,两路,1
5321,通车,1
5322,秋天,1
5323,防止,1
5324,剧烈,1
5325,密度,1
5326,年份,1
5327,放光,1
5328,对藏,1
5329,一绝,1
5330,高能量,1
5331,上坎,1
5332,尽量少,1
5333,顶部,1
5334,普通人,1
5335,上定,1
5336,没停,1
5337,上气不接下气,1
5338,370,1
5339,240,1
5340,阳光明媚,1
5341,干涸,1
5342,上佳,1
5343,进而,1
5344,筹备,1
5345,期内,1
5346,困扰,1
5347,楼主,1
5348,不说,1
5349,抓心,1
5350,几根,1
5351,头发,1
5352,真相,1
5353,何时,1
5354,腾飞,1
5355,造型,1
5356,恣意,1
5357,麻木,1
5358,无心,1
5359,左侧,1
5360,建有,1
5361,密集度,1
5362,写真,1
5363,婚纱照,1
5364,另一侧,1
5365,小型,1
5366,长枪,1
5367,短炮,1
5368,密密麻麻,1
5369,挤占,1
5370,人像,1
5371,城外,1
5372,园内,1
5373,雪后,1
5374,冰雪,1
5375,覆盖,1
5376,纯白色,1
5377,相间,1
5378,市内,1
5379,所谓,1
5380,高楼大厦,1
5381,屋顶,1
5382,巴铁,1
5383,外宾,1
5384,外办,1
5385,重视,1
5386,休息室,1
5387,领导人,1
5388,布置,1
5389,靠垫,1
5390,椅垫,1
5391,手摸,1
5392,金瓦,1
5393,瓦是,1
5394,镀金,1
5395,不得而知,1
5396,靠色,1
5397,反差,1
5398,富庶,1
5399,无处不在,1
5400,深切体会,1
5401,内上,1
5402,度量衡,1
5403,天文,1
5404,算法,1
5405,医学,1
5406,四面八方,1
5407,而来,1
5408,优雅,1
5409,算是,1
5410,实至名归,1
5411,出片,1
5412,集藏,1
5413,二次,1
5414,讲师,1
5415,典型,1
5416,2021,1
5417,年冬游,1
5418,10.15,1
5419,西门,1
5420,经后,1
5421,兵哥哥,1
5422,交接仪式,1
5423,迷住,1
5424,既移,1
5425,开眼,1
5426,移不开,1
5427,七大,1
5428,艺术美,1
5429,落日余晖,1
5430,湖水,1
5431,山峦,1
5432,品味,1
5433,很细,1
5434,较为,1
5435,充裕,1
5436,细细,1
5437,报名,1
5438,略微,1
5439,仓促,1
5440,预先,1
5441,概率,1
5442,先去,1
5443,阅读,1
5444,好些,1
5445,蜻蜓点水,1
5446,损失,1
5447,待待,1
5448,点前,1
5449,小盆友,1
5450,不满,1
5451,1.2,1
5452,家长,1
5453,地陪,1
5454,大门口,1
5455,看门,1
5456,一顿,1
5457,嘴脸,1
5458,很长,1
5459,不该,1
5460,真切感,1
5461,爱到,1
5462,老城,1
5463,顶级,1
5464,可成,1
5465,电脑,1
5466,锁屏,1
5467,壁纸,1
5468,散发出,1
5469,脾气好,1
5470,精炼,1
5471,天气炎热,1
5472,太阳伞,1
5473,今年冬天,1
5474,比大团,1
5475,强多,1
5476,气魄,1
5477,拜访,1
5478,纯洁,1
5479,不紧不慢,1
5480,促进,1
5481,心贴心,1
5482,不慌不忙,1
5483,宝贝,1
5484,听不懂,1
5485,意识,1
5486,很美,1
5487,情会,1
5488,需多,1
5489,近处,1
5490,心灵深处,1
5491,欺诈,1
5492,第三方,1
5493,四张,1
5494,共计,1
5495,1312,1
5496,派单,1
5497,合并,1
5498,参观团,1
5499,此类,1
5500,违规行为,1
5501,自费,1
5502,传给,1
5503,证据,1
5504,完善,1
5505,之所以,1
5506,承担,1
5507,不知情,1
5508,强词夺理,1
5509,违背,1
5510,意愿,1
5511,权益,1
5512,评论,1
5513,转发,1
5514,欺负,1
5515,降低,1
5516,外看,1
5517,内观,1
5518,晶莹剔透,1
5519,涤荡,1
5520,飞越,1
5521,抬头,1
5522,流星,1
5523,消失,1
5524,达到,1
5525,亮度,1
5526,很亮,1
5527,地球,1
5528,90,1
5529,头顶,1
5530,匆匆,1
5531,有空,1
5532,说不定,1
5533,浪漫,1
5534,格拉,1
5535,丹东,1
5536,优品,1
5537,超市,1
5538,一个天,1
5539,打扰,1
5540,两条路,1
5541,右边,1
5542,常见,1
5543,NO.1,1
5544,灯塔,1
5545,工艺品,1
5546,挂满,1
5547,佛经,1
5548,实测,1
5549,请谅解,1
5550,有文,1
5551,手信,1
5552,高约,1
5553,观赏价值,1
5554,与此同时,1
5555,全人类,1
5556,精神财富,1
5557,客流,1
5558,老天,1
5559,眷顾,1
5560,远道而来,1
5561,近前,1
5562,迂回,1
5563,烈日,1
5564,穿过,1
5565,稀薄,1
5566,皮肤,1
5567,生生的,1
5568,口渴,1
5569,选在,1
5570,七月,1
5571,大军,1
5572,时去,1
5573,日晒,1
5574,成小团,1
5575,藏地,1
5576,真知,1
5577,验证,1
5578,划船,1
5579,鸟类,1
5580,嬉戏,1
5581,平添,1
5582,半日,1
5583,落幕,1
5584,鲁鸿波,1
5585,藏西,1
5586,秘境,1
5587,4000,1
5588,翻山越岭,1
5589,藏羚羊,1
5590,一措,1
5591,再措,1
5592,刺激,1
5593,相聚,1
5594,驾驶,1
5595,非常少,1
5596,之间,1
5597,点后,1
5598,佛神,1
5599,起居,1
5600,不便,1
5601,遥看,1
5602,心满意足,1
5603,追忆,1
5604,平安,1
5605,能说会道,1
5606,保护环境,1
5607,土坡,1
5608,难以置信,1
5609,幸福感,1
5610,不适,1
5611,心都静,1
5612,同样,1
5613,名片,1
5614,少见,1
5615,u200d,1
5616,很全,1
5617,十五年,1
5618,青涩,1
5619,少年时代,1
5620,超美,1
5621,神秘色彩,1
5622,图布宫,1
5623,始料未及,1
5624,嘈杂,1
5625,现代化,1
5626,闯红灯,1
5627,不由自主,1
5628,十星,1
5629,一号线,1
5630,外环,1
5631,食材,1
5632,再点,1
5633,发源地,1
5634,清醒过来,1
5635,高能,1
5636,哪处,1
5637,时机,1
5638,雷导,1
5639,祝导,1
5640,全新,1
5641,陳導,1
5642,專业,1
5643,体驗度,1
5644,真贵,1
5645,五星级,1
5646,很强,1
5647,谭云华,1
5648,山头,1
5649,若水多,1
5650,宫保,1
5651,美观,1
5652,攀爬,1
5653,OKOKOK,1
5654,妙趣横生,1
5655,欢快,1
5656,交给,1
5657,性子,1
5658,中要,1
5659,结婚,1
5660,周年,1
5661,纪念日,1
5662,气质,1
5663,忠诚,1
5664,凝结,1
5665,有钱,1
5666,绝美,1
5667,手脚,1
5668,并用,1
5669,雷电,1
5670,材料,1
5671,日期,1
5672,做到,1
5673,义务,1
5674,门岗,1
5675,已有,1
5676,配合,1
5677,欺客,1
5678,失望透顶,1
5679,四人,1
5680,打针,1
5681,不管不顾,1
5682,承认错误,1
5683,扣除,1
5684,费不退,1
5685,甩客,1
5686,应急,1
5687,几千公里,1
5688,献给,1
5689,再配,1
5690,人团,1
5691,元租,1
5692,相太,1
5693,难看,1
5694,车轱辘话,1
5695,提及,1
5696,笼统,1
5697,天王,1
5698,谈到,1
5699,挑出,1
5700,讲讲,1
5701,遗迹,1
5702,纯度,1
5703,高不高,1
5704,扫兴,1
5705,太拉,1
5706,租个,1
5707,团太累,1
5708,低值,1
5709,遭遇,1
5710,高额,1
5711,服务费,1
5712,服务水平,1
5713,含司,1
5714,导费,1
5715,司导费,1
5716,作废,1
5717,当众,1
5718,爆发,1
5719,训客,1
5720,好来,1
5721,双手,1
5722,防雷,1
5723,磅礴,1
5724,一首,1
5725,口熟,1
5726,能祥,1
5727,名气,1
5728,距离,1
5729,连票,1
5730,千多,1
5731,闹钟,1
5732,徐强,1
5733,人物,1
5734,游能,1
5735,117,1
5736,内为,1
5737,说不清,1
5738,前望,1
5739,一望,1
5740,转经轮,1
5741,领地,1
5742,人来人往,1
5743,岁月,1
5744,守护神,1
5745,最棒,1
5746,很满,1
5747,集大成者,1
5748,世界闻名,1
5749,习惯,1
5750,翻看,1
5751,场面,1
5752,蓝蓝的,1
5753,朵朵,1
5754,慢慢悠悠,1
5755,意会,1
5756,不能言传,1
5757,从小到大,1
5758,每逢,1
5759,自然风光,1
5760,好象,1
5761,前段时间,1
5762,设施,1
5763,完备,1
5764,之处,1
5765,得天独厚,1
5766,亲临其境,1
5767,海报,1
5768,本教,1
5769,3651,1
5770,穿梭,1
5771,布宫间,1
5772,斑薄,1
5773,照见,1
5774,体检,1
5775,非遗,1
5776,不必,1
5777,雄壮威武,1
5778,可观,1
5779,百感交集,1
5780,无以,1
5781,言表,1
5782,体力不支,1
5783,一副,1
5784,画挂,1
5785,海拔高度,1
5786,干过,1
5787,2013,1
5788,一晃,1
5789,那年,1
5790,轮回,1
5791,闪亮,1
5792,大气磅礴,1
5793,替代,1
5794,抗拒,1
5795,绿草,1
5796,赞美,1
5797,去往,1
5798,天路,1
5799,寄托,1
5800,高大挺拔,1
5801,不容许,1
5802,拍照片,1
5803,打工,1
5804,每周,1
5805,玩上,1
5806,集散地,1
5807,可说是,1
5808,能耗,1
5809,我辈,1
5810,中必,1
5811,爱护,1
5812,争取,1
5813,更牛,1
5814,张丹,1
5815,不辞辛苦,1
5816,持续,1
5817,就让,1
5818,心潮澎湃,1
5819,辞藻,1
5820,黯然失色,1
5821,建筑造型,1
5822,傲世,1
5823,司空见惯,1
5824,朝着,1
5825,几眼,1
5826,视角,1
5827,民宿,1
5828,转经者,1
5829,构筑,1
5830,质朴,1
5831,今早,1
5832,尼泊尔,1
5833,国航,1
5834,班机,1
5835,飞往,1
5836,中尼,1
5837,边界,1
5838,喜马拉雅山,1
5839,群脉,1
5840,玉带,1
5841,一览无遗,1
5842,滚滚,1
5843,翻动,1
5844,刺破,1
5845,青天,1
5846,珠穆朗玛峰,1
5847,上苍,1
5848,无悔,1
5849,降落,1
5850,拉萨贡嘎机场,1
5851,加德满都,1
5852,1350,1
5853,升高,1
5854,3560,1
5855,下机,1
5856,一草一木,1
5857,眼熟,1
5858,已境,1
5859,唏嘘,1
5860,流金岁月,1
5861,珍惜,1
5862,余下,1
5863,右手边,1
5864,看点,1
5865,捉摸不定,1
5866,措与,1
5867,幽会,1
5868,火爆,1
5869,太饱,1
5870,太吵,1
5871,喝酒,1
5872,要少,1
5873,一号,1
5874,大可不必,1
5875,256,1
5876,更贵,1
5877,程序化,1
5878,不论是,1
5879,适逢,1
5880,建筑者,1
5881,无穷的,1
5882,初一,1
5883,没进,1
5884,初四,1
5885,伤不起,1
5886,越发,1
5887,显现出,1
5888,停步,1
5889,兜售,1
5890,只当,1
5891,贡献,1
5892,没关系,1
5893,15.09,1
5894,十二日,1
5895,那梦中,1
5896,莫名,1
5897,切合,1
5898,主题,1
5899,正午,1
5900,不尽相同,1
5901,288,1
5902,好几座,1
5903,反而,1
5904,小菜一碟,1
5905,缓冲,1
5906,黄金珠宝,1
5907,镶嵌,1
5908,舍利塔,1
5909,说布,1
5910,宫过,1
5911,地基,1
5912,下陷,1
5913,赶快,1
5914,门景,1
5915,多收,1
5916,韵味,1
5917,极了,1
5918,重地,1
5919,系列,1
5920,二个,1
5921,民族团结,1
5922,没点,1
5923,荣幸,1
5924,情缘,1
5925,买点,1
5926,阻挡,1
5927,游游景,1
5928,国家级,1
5929,快到,1
5930,不能自拔,1
5931,一年一度,1
5932,刷墙,1
5933,白糖,1
5934,未配,1
5935,一组,1
5936,李老师,1
5937,富裕,1
5938,很广,1
5939,很为,1
5940,找想,1
5941,长期,1
5942,十来个,1
5943,景走,1
5944,看雪,1
5945,不看,1
5946,全权,1
5947,办完,1
5948,问这问那,1
5949,不区,1
5950,充分体现,1
5951,业务水平,1
5952,之高,1
5953,没个,1
5954,屁用,1
5955,不认,1
5956,不上,1
5957,辣鸡,1
5958,填错,1
5959,电话号码,1
5960,很贵,1
5961,明明,1
5962,不弄,1
5963,妥妥当当,1
5964,本质,1
5965,打着,1
5966,错觉,1
5967,小兰,1
5968,解讲,1
5969,坑钱,1
5970,好差,1
5971,修改,1
5972,三点,1
5973,墨迹,1
5974,费钱,1
5975,竞然,1
5976,讲释,1
5977,洛导,1
5978,深动,1
5979,没得说,1
5980,五人,1
5981,周岁,1
5982,时说,1
5983,会退,1
5984,退到,1
5985,旅友,1
5986,需知,1
5987,压过,1
5988,盖过,1
5989,华灯初上,1
5990,令人敬畏,1
5991,心底,1
5992,释怀,1
5993,谨记,1
5994,方可,1
5995,白花,1
5996,不得不,1
5997,影响力,1
5998,诚心,1
5999,相对而言,1
6000,饱满,1
6001,心愿,1
6002,文采,1
6003,存下,1
6004,通宵,1
6005,不怕,1
6006,出点,1
6007,18277308927,1
6008,内有,1
6009,价格比,1
6010,贵多,1
6011,发张,1
6012,诗集,1
6013,自传,1
6014,本书,1
6015,可圈可点,1
6016,大妈,1
6017,砍价,1
6018,ii,1
6019,立体画,1
6020,邮政局,1
6021,25,1
6022,這次,1
6023,吸收,1
6024,旅游网,1
6025,未来,1
6026,欢声笑语,1
6027,醉美,1
6028,兄弟,1
6029,后会有期,1
6030,年末,1
6031,指示牌,1
6032,怀抱,1
6033,之见,1
6034,发生,1
6035,得事,1
6036,说太多,1
6037,嫁给,1
6038,特价,1
6039,只贵,1
6040,48,1
6041,烦索,1
6042,一哈,1
6043,体贴入微,1
6044,散团,1
6045,王爱贞,1
6046,一个月,1
6047,龙秋玲,1
6048,全场,1
6049,得勒,1
6050,爱人,1
6051,应为,1
6052,一人进,1
6053,情结,1
6054,可抵,1
6055,巴黎城,1
6056,事实,1
6057,何来,1
6058,真容,1
6059,声音洪亮,1
6060,六月,1
6061,这时,1
6062,9.00,1
6063,二十多天,1
6064,守信,1
6065,从古到今,1
6066,书本上,1
6067,查不到,1
6068,十二分,1
6069,要贵,1
6070,不卖,1
6071,888,1
6072,打折,1
6073,考验,1
6074,胖子,1
6075,配备,1
6076,无线,1
6077,次旺,1
6078,说书,1
6079,业务知识,1
6080,六人,1
6081,值得一提的是,1
6082,屋脊,1
6083,提高,1
6084,赶不上,1
6085,善意,1
6086,改票,1
6087,改在,1
6088,说实话,1
6089,佛传,1
6090,290,1
6091,却是,1
6092,合算,1
6093,星期六,1
6094,对佛,1
6095,走累,1
6096,好难,1
6097,消化,1
6098,看起来,1
6099,388,1
6100,麦克风,1
6101,屁股,1
6102,交上,1
6103,美名,1
6104,实际效果,1
6105,戴上,1
6106,喘气声,1
6107,买些,1
6108,书先,1
6109,上涨,1
6110,忽高忽低,1
6111,懵圈,1
6112,小汪,1
6113,千辛万苦,1
6114,事先,1
6115,自由选择,1
6116,同价位,1
6117,布宫票,1
6118,亲们,1
6119,些许,1
6120,先生,1
6121,冤枉钱,1
6122,暂停,1
6123,忍受,1
6124,248,1
6125,太度,1
6126,反反,1
6127,512,1
6128,元购,1
6129,一个团,1
6130,天定,1
6131,他加,1
6132,点散团,1
6133,如期,1
6134,使人,1
6135,容易接受,1
6136,看得人,1
6137,流口水,1
6138,风俗习惯,1
6139,每一件,1
6140,北斗,1
6141,辛辛苦苦,1
6142,任务,1
6143,似的,1
6144,应付,1
6145,不帮,1
6146,打算,1
6147,旅游局,1
6148,誓不罢休,1
6149,长见识了,1
6150,得当,1
6151,界面,1
6152,时未,1
6153,剩余,1
6154,数量,1
6155,一致,1
6156,当心,1
6157,算少,1
6158,人一多,1
6159,初来,1
6160,布达,1
6161,垃宫,1
6162,倾听,1
6163,时连,1
6164,买下来,1
6165,再来,1
6166,精湛,1
6167,部队,1
6168,大院,1
6169,装置,1
6170,丹增,1
6171,妥妥,1
6172,正义感,1
6173,宽容,1
6174,大度,1
6175,棒赞,1
6176,想开,1
6177,任姓,1
6178,没写,1
6179,到票,1
6180,翻倍,1
6181,人潮,1
6182,安保,1
6183,浑浊,1
6184,香烛,1
6185,障碍,1
6186,光走,1
6187,不爽,1
6188,完毕,1
6189,跨服,1
6190,提意见,1
6191,时刻,1
6192,客观,1
6193,达瓦领,1
6194,入口,1
6195,传神,1
6196,及金佛,1
6197,布寺,1
6198,缩比,1
6199,过后,1
6200,没票,1
6201,带进去,1
6202,二十块,1
6203,钱租,1
6204,元来,1
6205,合着,1
6206,点人来,1
6207,门市价,1
6208,两倍,1
6209,发送信息,1
6210,因带,1
6211,入团,1
6212,前同程,1
6213,发了,1
6214,具体安排,1
6215,十四位,1
6216,折射出,1
6217,回顾,1
6218,自助,1
6219,聊天,1
6220,咨询,1
6221,我联,1
6222,934,1
6223,元车,1
6224,695,1
6225,会员,1
6226,排长队,1
6227,能否,1
6228,开壁,1
6229,过多,1
6230,下单,1
6231,后会,1
6232,部门,1
6233,人造,1
6234,再也不会,1
6235,被盗,1
6236,推委,1
6237,扯皮,1
6238,老婆,1
6239,退回来,1
6240,两百元,1
6241,四百元,1
6242,配一,1
6243,588,1
6244,好意思,1
6245,我家,1
6246,全票,1
6247,退回,1
6248,多出,1
6249,没能,1
6250,消委会,1
6251,268,1
6252,还收,1
6253,耳塞,1
6254,好不好,1
6255,判断,1
6256,125,1
6257,很具,1
6258,独到见解,1
6259,佛法,1
6260,重要性,1
6261,喜好,1
6262,小罗点,1
6263,代订,1
6264,那买,1
6265,口才,1
6266,可不是,1
6267,妙语连珠,1
6268,出口成章,1
6269,淋漓尽致,1
6270,那儿,1
6271,富余,1
6272,总归,1
6273,不感兴趣,1
6274,习惯性,1
6275,跑过来,1
6276,收不到,1
6277,改善,1
6278,多发,1
6279,短息,1
6280,回亏,1
6281,页面,1
6282,051,1
6283,280837576,1
6284,诚信,1
6285,八九百,1
6286,仿制品,1
6287,同步,1
6288,二维码,1
6289,拿来,1
6290,卖钱,1
6291,很坑,1
6292,这款,1
6293,58,1
6294,驴友,1
6295,三思,1
6296,中飛機,1
6297,晚點,1
6298,無法,1
6299,聯絡,1
6300,說票,1
6301,怎麼,1
6302,飛機,1
6303,最後只,1
6304,符合,1
6305,四百多,1
6306,没头没尾,1
6307,禁忌,1
6308,接车,1
6309,车辆,1
6310,空调,1
6311,不开,1
6312,发脾气,1
6313,三份,1
6314,逐年,1
6315,那样的话,1
6316,确收全,1
6317,多元,1
6318,人长,1
6319,会合,1
6320,是代,1
6321,句号,1
6322,刻钟,1
6323,看成,1
6324,有佳,1
6325,赞许,1
6326,森严,1
6327,及布宫,1
6328,绵阳,1
6329,妹纸,1
6330,步伐,1
6331,慎重,1
6332,从布宫,1
6333,完去,1
6334,公道,1
6335,光看,1
6336,提出,1
6337,粗略,1
6338,语速,1
6339,会员价,1
6340,分开,1
6341,同一天,1
6342,大致,1
6343,不靠,1
6344,弄错,1
6345,不怎么,1
6346,红楼,1
6347,白楼,1
6348,二百,1
6349,九十,1
6350,手里,1
6351,价格上涨,1
6352,赚钱,1
6353,昏暗,1
6354,事放,1
6355,kao,1
6356,结缘,1
6357,嘿嘿嘿,1
6358,大老远,1
6359,陈讲,1
6360,詹导,1
6361,准点,1
6362,高不说,1
6363,要订,1
6364,三张,1
6365,只订,1
6366,质量,1
6367,头牛,1
6368,三两步,1
6369,十楼,1
6370,行进,1
6371,快慢,1
6372,诱人,1
6373,家乡,1
6374,贵是,1
6375,几百公斤,1
6376,认真听讲,1
6377,高于,1
6378,受骗上当,1
6379,不往,1
6380,此身,1
6381,小唐,1
6382,团队精神,1
6383,可玩性,1
6384,拥挤,1
6385,挺快,1
6386,优秀员工,1
6387,快速,1
6388,活化石,1
6389,懂不懂,1
6390,暂短,1
6391,别提,1
6392,拜祭,1
6393,布丁,1
6394,累点,1
6395,364,1
6396,父爱,1
6397,父子,1
6398,情深似海,1
6399,节日,1
6400,父亲节,1
6401,日子,1
6402,祝群,1
6403,祝群里,1
6404,常乐,1
6405,小时候,1
6406,想往,1
6407,梁画柱,1
6408,悠闲,1
6409,玩乐,1
6410,散心,1
6411,二号线,1
6412,唯独,1
6413,宾馆,1
6414,特惠,1
6415,345,1
6416,347,1
6417,圣美,1
6418,凶人,1
6419,高出,1
6420,528,1
6421,5a,1
6422,救赎,1
6423,游完,1
6424,免去,1
6425,组队,1
6426,入门,1
6427,肚子饿,1
6428,票务,1
6429,升级,1
6430,欠缺,1
6431,长安街,1
6432,一八,1
6433,八九,1
6434,零九,1
6435,零三,1
6436,走运,1
6437,67,1
6438,日布宫,1
6439,日团,1
6440,购价,1
6441,郭艳,1
6442,小肖,1
6443,如潮,1
6444,登顶,1
6445,发短信,1
6446,加强,1
6447,草草了事,1
6448,一如既往,1
6449,全心,1
6450,能长,1
6451,我私,1
6452,议政,1
6453,李春林,1
6454,写明,1
6455,算了吧,1
6456,不大好,1
6457,小窍门,1
6458,装扮成,1
6459,只花,1
6460,鼓励,1
6461,几分钟,1
6462,开光,1
6463,手续,1
6464,顾客,1
6465,在线,1
6466,有用,1
6467,答复,1
6468,胡说八道,1
6469,十里,1
6470,字正腔圆,1
6471,报应,1
6472,价格便宜,1
6473,很佛系,1
6474,职业,1
6475,842,1
6476,..,1
6477,房地产,1
6478,计较,1
6479,听得懂,1
6480,不同凡响,1
6481,-_-,1
6482,云顶,1
6483,天宫,1
6484,真迹,1
6485,沒有,1
6486,听够,1
6487,解决困难,1
6488,怎样,1
6489,66666666,1
6490,同程订,1
6491,还进,1
6492,123456789,1
6493,大雪,1
6494,一丝不苟,1
6495,一切顺利,1
6496,吸引力,1
6497,.........,1
6498,重复,1
6499,生意人,1
6500,任人,1
6501,鱼肉,1
6502,无能为力,1
6503,挨宰,1
6504,一手,1
6505,必不可少,1
6506,信誉度,1
6507,两点,1
6508,口水,1
6509,讲干,1
6510,挤进,1
6511,挤出,1
6512,一个九岁,1
6513,十一岁,1
6514,十月,1
6515,十五日,1
6516,官网订,1
6517,漏洞,1
6518,不得了,1
6519,不太累,1
6520,关门大吉,1
6521,手慢,1
6522,字数,1
6523,小学生,1
6524,作文,1
6525,恭喜,1
6526,多花,1
6527,人要,1
6528,坚持,1
6529,跟帅,1
6530,最贵,1
6531,黄白,1
6532,色泽,1
6533,来次,1
6534,挤进去,1
6535,挤出来,1
6536,嗷嗷,1
6537,小将,1
6538,二百多块,1
6539,价格低,1
6540,可恶,1
6541,完票,1
6542,11.20,1
6543,12.20,1
6544,反映,1
6545,干嘛,1
6546,讨要,1
6547,转卖,1
6548,能力差,1
6549,强烈建议,1
6550,躲避,1
6551,别买,1
6552,4g,1
6553,看头,1
6554,差劲,1
6555,都行,1
6556,十多年,1
